time,1.0,2.0,3.0,5.0,7.0,10.0,20.0,30.0,50.0,70.0,100.0,125.0,150.0,175.0,200.0,225.0,250.0,300.0,350.0,400.0,450.0,500.0,550.0,600.0,650.0,700.0,750.0,775.0,800.0,825.0,850.0,875.0,900.0,925.0,950.0,975.0,1000.0
1992-07-14 11:00:00,-0.00014100756,-7.947205e-05,-1.8288478e-05,2.6339101e-05,-4.4420754e-05,4.155697e-05,1.9520528e-06,-8.505389e-06,-3.1047603e-06,1.134941e-05,0.00031455973,0.00043135078,0.0008792778,0.00097104796,0.00079944526,0.0009629425,0.00080135436,0.00011467305,-0.00010777314,0.00021216228,0.00022998743,9.6565855e-05,4.8531452e-05,-0.0002937002,-0.00090130366,-0.0013143478,-0.0014465349,-0.0017678004,-0.0022972315,-0.002765757,-0.0030401368,-0.003212645,-0.0031373205,-0.0027382579,-0.0016887219,-0.0006065975,-0.000121327554
1992-07-14 12:00:00,-0.00014823061,-0.00013107847,-4.7107114e-05,4.9791106e-05,-7.940072e-06,3.5508372e-05,4.8740185e-06,-1.5205109e-05,-2.789014e-06,2.2170552e-05,0.0003213093,0.00042523132,0.0008485432,0.0010106388,0.000820885,0.0009188818,0.0009654747,0.00014183449,-0.00031243952,0.00015686883,0.00019356867,5.938398e-05,1.53679e-05,-0.00025997745,-0.0009093728,-0.001358389,-0.0015235553,-0.0019463655,-0.002533203,-0.0029293676,-0.0031263467,-0.0032371932,-0.0030509802,-0.0025866397,-0.0015464185,-0.0005640809,-0.0001321469
1992-07-14 13:00:00,-0.0002404991,-0.00016935903,3.5821467e-06,3.0387208e-05,8.068133e-06,4.8874434e-05,-3.8815006e-06,-2.0106632e-05,-1.7112961e-06,3.0781986e-05,0.0003748947,0.00037199803,0.000738649,0.0011525184,0.0009737622,0.0009567676,0.0010092254,-2.6641646e-05,-0.00037029857,0.00017589332,0.00022830718,0.00010814257,-1.7035592e-05,-0.00047826997,-0.0013197513,-0.0016547542,-0.0018225727,-0.0021945953,-0.0026719375,-0.003006892,-0.0031534405,-0.003158946,-0.0028450035,-0.0022862274,-0.0013279774,-0.0005016359,-0.00013228689
1992-07-14 14:00:00,-0.00025196042,-0.0002644526,-1.18662465e-05,4.2325988e-05,2.2670405e-05,7.501802e-05,-1.4239049e-08,-1.8553023e-05,-1.0918548e-06,1.4230903e-05,0.00037681605,0.0004131652,0.000738854,0.0011729201,0.0010645009,0.0010177259,0.0010862746,0.00018082454,-0.00025551784,0.00018323594,0.00028669433,0.00012952359,-0.00011500367,-0.00064869586,-0.0014855075,-0.0016847721,-0.0018699982,-0.002273543,-0.0027338397,-0.0030278657,-0.0031013652,-0.0029682675,-0.0024781409,-0.0018269762,-0.0010393615,-0.0004222193,-0.00014695393
1992-07-14 15:00:00,-0.00025506882,-0.0002525915,-5.0059753e-05,2.006979e-05,-8.952259e-06,8.107294e-05,8.803028e-06,-2.881863e-06,-9.328371e-06,2.2564607e-05,0.0004012147,0.00038159746,0.0007812821,0.0011541204,0.0011593903,0.0011273131,0.0012744176,0.00044060784,-0.00019021207,0.00015040948,0.00030446544,0.00015930441,-7.0252805e-05,-0.00054908183,-0.0014855233,-0.0016508789,-0.0018421432,-0.0022946137,-0.0027222908,-0.0029630815,-0.0029810935,-0.0026938831,-0.002035317,-0.001415512,-0.0008463379,-0.0003523592,-0.00015002527
1992-07-14 16:00:00,-0.00026569748,-0.00016970569,-1.4249286e-05,5.6314766e-06,-5.5719163e-05,3.090243e-05,-2.3844823e-06,-2.0030461e-06,-1.8438559e-05,3.3698216e-05,0.00047055096,0.0005478115,0.0005518078,0.0011245306,0.0013612777,0.0012874091,0.0013030224,0.00032498076,-0.00016900062,9.036528e-05,0.00029883406,0.00017121359,-3.9193546e-05,-0.0007180319,-0.0018829333,-0.001913283,-0.0020085697,-0.002341565,-0.0026651635,-0.0027688832,-0.002722647,-0.0023668536,-0.001654125,-0.0011685878,-0.00070620095,-0.00031118596,-0.0001516478
1992-07-14 17:00:00,-0.00023813992,-0.00017496123,7.317394e-06,1.4706564e-05,-8.964129e-05,5.2384905e-05,-9.756945e-06,-2.174132e-06,-1.6267295e-05,2.7321581e-05,0.00050000526,0.0005821466,0.00072138256,0.001201587,0.0015326077,0.0015520443,0.0015006289,0.00058407534,-0.00012582724,4.929767e-05,0.00028901058,0.00023969982,4.1725187e-05,-0.0006526666,-0.0017783933,-0.0018725249,-0.001834977,-0.0020736165,-0.0023427429,-0.0023597325,-0.0022210767,-0.001854586,-0.0012913866,-0.0009570966,-0.0005787501,-0.00025976545,-0.00013503034
1992-07-14 18:00:00,-0.00028319453,-0.0002301612,-3.592035e-05,1.0964669e-05,-0.00014770858,1.642311e-05,-3.6465808e-06,-1.143917e-05,-1.2086043e-05,2.7223758e-05,0.0004899194,0.00060888095,0.00085802516,0.0011793943,0.0015622552,0.0017655821,0.0016250334,0.00088152103,-1.7921193e-05,1.0637916e-05,0.00022776115,0.00026046584,7.245617e-05,-0.00059453875,-0.0016900693,-0.001985899,-0.0018254131,-0.0019591316,-0.0021019445,-0.0020403508,-0.0018312717,-0.0014785976,-0.0011025842,-0.00084030884,-0.00049391337,-0.00023128341,-0.0001303852
1992-07-14 19:00:00,-0.00028627945,-0.00011392569,-3.3774486e-05,1.3866629e-06,-0.00021404111,4.6408168e-06,2.9574908e-06,-6.6027246e-06,-1.3370332e-05,2.4327222e-05,0.0004592542,0.00049085106,0.0009155435,0.0010824827,0.001424306,0.001817708,0.0015908909,0.0011749862,0.00013722279,3.2429394e-05,0.0001123822,0.00021330008,9.187855e-05,-0.00026735495,-0.0012756789,-0.0019383578,-0.0018946795,-0.0019696187,-0.0020189174,-0.0019196982,-0.0016831881,-0.0013677992,-0.0010902601,-0.00084559066,-0.00047562527,-0.0002123534,-0.00012364077
1992-07-14 20:00:00,-0.00026234722,-6.383355e-05,-4.7820737e-05,-5.058595e-05,-0.0002996993,-7.065794e-05,-2.5209138e-06,-1.1560938e-05,-1.1939745e-05,3.2417047e-05,0.0004386174,0.00048682155,0.00090205576,0.00092691276,0.0013784532,0.001836516,0.001582115,0.0011696387,0.00019520265,-3.361558e-05,-2.9356437e-05,0.000112428155,6.900652e-05,-0.00018135276,-0.0011567553,-0.0018773584,-0.0018962973,-0.0019287512,-0.0019370203,-0.0018067544,-0.0015317649,-0.0012425806,-0.0010481628,-0.0008190856,-0.00043350476,-0.00018006301,-0.00010293997
1992-07-14 21:00:00,-0.0002179348,-4.0567124e-05,-3.6185585e-05,-6.616592e-05,-0.00032142745,-0.00012807063,-1.8352479e-06,-1.7743112e-05,-9.920608e-06,4.0216575e-05,0.00039416214,0.0004536067,0.0009395648,0.00085049565,0.0014880795,0.0018479861,0.0015895426,0.0010848653,0.00016960767,-9.2222675e-05,-0.00013217828,-1.3365585e-05,-6.4457854e-06,-0.00014914831,-0.0009331256,-0.0017214634,-0.0018577718,-0.0018758441,-0.0018482148,-0.0016648171,-0.0013966626,-0.0011732158,-0.0010545568,-0.0008201865,-0.000438953,-0.00017616419,-9.356883e-05
1992-07-14 22:00:00,-0.00019535702,-9.09128e-05,-0.00010270538,-4.991189e-05,-0.0002877028,-0.00018962169,4.8917786e-07,-9.224565e-06,-5.825354e-06,2.6425658e-05,0.0003150037,0.00032332438,0.00088978733,0.000783919,0.0016447934,0.0017632429,0.0015928464,0.0010026611,0.00011789068,-3.431877e-05,-0.0002711424,-0.00026390163,-0.00016598277,-0.00023587383,-0.0008081414,-0.0018047844,-0.0019933898,-0.0019472567,-0.0018358316,-0.0015954323,-0.0013186574,-0.001130749,-0.0010808164,-0.00086011825,-0.00046220838,-0.00017545432,-8.482455e-05
1992-07-14 23:00:00,-0.00016915772,-7.850106e-05,-9.8366756e-05,-8.610533e-05,-0.00029171995,-0.00024557902,-4.7147178e-06,-4.6088376e-06,-1.5081462e-06,3.521e-05,0.0002429362,0.0002856428,0.00082831277,0.00073820644,0.0017503164,0.0016997103,0.0015984375,0.00094483705,0.00012239412,-3.85812e-06,-0.00028736403,-0.00041465464,-0.00031883852,-0.00031001028,-0.00058843906,-0.001565572,-0.0020417382,-0.0019856782,-0.0018003912,-0.0015530144,-0.001316066,-0.0011393293,-0.0010987999,-0.0008788747,-0.00048398413,-0.00018200076,-8.977581e-05
1992-07-15,-0.00017048026,-8.0187914e-05,-5.9927155e-05,-0.00010134137,-0.00026691568,-0.00026496284,-1.914917e-06,-2.476771e-06,-7.6555875e-07,2.4194418e-05,0.00017805664,0.00036801258,0.00073992804,0.0006934754,0.0016632641,0.001647693,0.0015803786,0.0008832982,5.2099174e-05,-5.438253e-05,-0.00033001212,-0.0005271622,-0.0004497138,-0.0003664007,-0.00046615966,-0.0012308566,-0.0018926546,-0.0018890206,-0.0016731365,-0.0014319583,-0.0012353734,-0.0010973029,-0.0010845076,-0.00087908836,-0.0004976188,-0.00018576064,-8.6797045e-05
1992-07-15 01:00:00,-0.00010767926,-0.0001488395,-4.0221617e-05,-0.00011478199,-0.00031089966,-0.00031347235,4.3612272e-07,3.5097146e-06,-5.366155e-06,1.3401277e-05,0.00012856403,0.00043917002,0.0006856333,0.00061927736,0.00139629,0.0016044622,0.0014808764,0.0008123927,5.8514313e-05,-0.00013641457,-0.00034480827,-0.00061038916,-0.00061502506,-0.0003786898,-0.00036834704,-0.0010940676,-0.0017730797,-0.0018108244,-0.0015936159,-0.0013448158,-0.0011808447,-0.0010865303,-0.0010917035,-0.0008785664,-0.0005026543,-0.00018715473,-9.2106005e-05
1992-07-15 02:00:00,-0.00012168076,-0.00024971837,3.6859157e-05,-7.650338e-05,-0.00023781351,-0.0002990553,-1.6373147e-06,1.0239795e-05,-1.5287435e-05,1.4326164e-05,7.309135e-05,0.0004511114,0.0006904517,0.0005507472,0.0011075267,0.0014406494,0.0013495192,0.0007621689,0.00016891267,-0.00010999083,-0.00030199994,-0.000594779,-0.0007459369,-0.00041038828,-0.00032802133,-0.0010844339,-0.0017172229,-0.0017501181,-0.0015312994,-0.0013081314,-0.0011570756,-0.0011057899,-0.0011346563,-0.00090293505,-0.00051738584,-0.0001858736,-9.4891344e-05
1992-07-15 03:00:00,-0.0001623168,-0.00033581254,6.458111e-05,-5.7670622e-05,-0.00024714431,-0.0003175086,3.2334383e-06,9.473871e-06,-1.2422038e-05,1.538531e-05,5.9257298e-05,0.00047861776,0.00071462104,0.00050011085,0.0009771249,0.0012937828,0.0012588028,0.0007488671,0.0001565875,-0.0001368406,-0.0003258164,-0.0004784889,-0.00067341834,-0.00040159293,-0.00030897616,-0.00087861763,-0.0014834779,-0.0014977397,-0.0013428342,-0.0012084318,-0.0011105995,-0.0010826061,-0.0010904555,-0.00086307613,-0.00047964044,-0.00016572686,-8.5259664e-05
1992-07-15 04:00:00,-0.00016964356,-0.0004135496,1.04071805e-05,-8.227922e-06,-0.00020433834,-0.00030773954,3.2620742e-06,7.2228654e-06,-9.505589e-06,2.505416e-05,2.5501668e-05,0.0004593294,0.0007113253,0.00042845492,0.00076474465,0.0010103318,0.0010745852,0.00064790243,0.00016661464,-5.058186e-05,-0.00031125208,-0.0004011052,-0.0005647796,-0.00037693203,-0.00023819035,-0.00066958927,-0.0013063573,-0.0013299338,-0.0012628991,-0.0012033712,-0.0011354964,-0.0011032389,-0.001079629,-0.00080830156,-0.00043474959,-0.00014426268,-7.097592e-05
1992-07-15 05:00:00,-0.00019378736,-0.00037028536,-4.3653643e-05,2.7443191e-05,-0.00012989307,-0.00020874667,-4.527684e-06,4.1989197e-06,-7.422751e-06,4.2122847e-05,8.700077e-06,0.00036752858,0.00071856665,0.0004300822,0.00061448914,0.00084895396,0.0009614902,0.0005594167,0.00023657051,0.0001450035,-0.0002001445,-0.0003025945,-0.00043476495,-0.0003127476,-2.9625779e-05,-0.00038541685,-0.0010807798,-0.0011920788,-0.0012202926,-0.001215801,-0.0011777014,-0.0011466988,-0.0010673542,-0.00074424624,-0.0003872033,-0.00012805592,-6.0794304e-05
1992-07-15 06:00:00,-0.00023952071,-0.00031360157,-0.00015811379,3.7484915e-05,-0.00011687258,-0.00017751052,-2.3790031e-05,1.9730935e-06,-2.9198138e-06,3.8190763e-05,8.749532e-06,0.0003459847,0.0007423051,0.00049687206,0.0006806593,0.0008732815,0.000992237,0.0005486213,0.00017774603,0.00013472566,-0.00020687023,-0.00025820764,-0.000312809,-0.00023645417,7.626938e-05,-0.0001562876,-0.0007917695,-0.0010067236,-0.0010928321,-0.0011296483,-0.0011338483,-0.0011163324,-0.00096789165,-0.000642736,-0.00031524783,-0.000106775144,-4.9179765e-05
1992-07-15 07:00:00,-0.00028934324,-0.0002839232,-0.00020767012,2.8379349e-05,-0.00015474523,-0.00019044855,-1.0433141e-05,-1.8499054e-06,1.9761194e-06,2.9634959e-05,6.31591e-05,0.00032870192,0.00075579353,0.0005692294,0.00076724106,0.00089781545,0.0010269423,0.0005577421,0.00017629768,0.00013603963,-0.00017285938,-0.00020831851,-0.00020870075,-0.00020880214,4.6645728e-05,-7.572217e-05,-0.00060666876,-0.0008438034,-0.00095232914,-0.0010082552,-0.001057821,-0.0010554127,-0.00086380594,-0.0005329225,-0.00024402537,-8.341392e-05,-3.8539263e-05
1992-07-15 08:00:00,-0.0003161847,-0.00023405507,-0.00021517361,1.4502534e-05,-0.00018528191,-0.00018479125,1.0684957e-06,-1.0017398e-05,-7.8430656e-07,2.34751e-05,0.00014031446,0.000273014,0.00073109317,0.0006324559,0.0008360463,0.00089321693,0.0010072385,0.00055387296,0.00016851329,0.0001177776,-7.152903e-05,-9.913446e-05,-0.00013010197,-0.00013690491,8.8924135e-06,-5.207333e-05,-0.00048554616,-0.0007142039,-0.00082803064,-0.00086607365,-0.00093466905,-0.00093173014,-0.00070084794,-0.00037930196,-0.00016531402,-6.2246836e-05,-2.8003702e-05
1992-07-15 09:00:00,-0.00024557067,-0.00015332272,-0.00020715181,5.2747628e-06,-0.0002406127,-0.0002699962,-1.7328619e-05,-1.2854505e-05,-4.1616995e-06,1.0485546e-05,0.00021591483,0.00018185697,0.00074184604,0.0007337276,0.0009452472,0.0009632448,0.0010814882,0.0005985865,0.00014237523,8.080498e-05,-1.4791731e-05,2.3701941e-06,-7.93839e-05,-9.54925e-05,-1.6178426e-05,-8.105162e-05,-0.00039797966,-0.0005968073,-0.00069194764,-0.0007249125,-0.00080456235,-0.00081327325,-0.00057970633,-0.00027645688,-0.00011438214,-4.8964088e-05,-2.3825087e-05
1992-07-15 10:00:00,-0.00023524163,-7.7042685e-05,-0.0002514491,4.445826e-05,-0.00016813939,-0.00026350754,-1.923868e-05,-8.081619e-06,-7.189755e-06,-6.9407924e-06,0.00015307603,2.5212008e-05,0.001066631,0.001359624,0.0014356787,0.0013209919,0.0014310752,0.0009325071,0.00024438073,0.00011340433,-4.9920345e-06,7.695194e-05,4.9672097e-05,3.7998834e-06,-7.029393e-05,-0.00016593968,-0.00034725925,-0.0005156973,-0.0006023899,-0.00063140405,-0.00069555745,-0.0007108282,-0.0005140623,-0.00020708228,-7.8986224e-05,-3.5743673e-05,-1.7250577e-05
1992-07-15 11:00:00,-9.6012795e-05,-0.00017561093,-0.00022126467,5.6184545e-05,-0.00021907737,-0.00039292226,-9.944368e-06,-1.8308309e-06,-9.60376e-06,-3.0338198e-05,7.694858e-05,7.0973794e-05,0.001136487,0.0014820235,0.0014328151,0.0012071929,0.001378579,0.0011025514,0.00031080126,0.00016398507,4.9925016e-05,5.350944e-05,6.2092964e-05,1.6393336e-05,-0.00011193495,-0.00022703875,-0.0003043238,-0.00042825594,-0.0005098155,-0.00053789484,-0.0005695596,-0.00055489456,-0.00039015606,-0.00013311929,-4.8900572e-05,-2.8815928e-05,-1.3970768e-05
1992-07-15 12:00:00,-0.00018318422,-4.9188562e-05,-8.7755034e-05,0.00010536635,-8.138469e-05,-0.00021262764,5.178156e-06,-8.179743e-07,-5.6654076e-06,-2.175028e-05,5.7907157e-05,0.00016527252,0.0010683502,0.0014922931,0.0013674035,0.0011051657,0.0013442656,0.0011639692,0.00030678592,0.00015426167,0.0001338965,7.229245e-05,0.00010925279,-1.4836907e-05,-8.5478874e-05,-0.00021404977,-0.00027025084,-0.00038295952,-0.0004675794,-0.0005015501,-0.0005310431,-0.00049025845,-0.000334462,-0.00011788131,-3.1048177e-05,-2.1526464e-05,-9.637711e-06
1992-07-15 13:00:00,-3.4425153e-05,-7.1445786e-05,-7.711569e-05,0.000107353946,-3.8257906e-05,-0.00013551294,2.1533788e-07,-4.4343215e-06,-7.070929e-07,-3.715978e-05,6.4532156e-05,0.00019573775,0.0009132685,0.0014693879,0.0014090736,0.0010479765,0.0012901443,0.0010437154,0.00027111603,0.00012879746,0.0001586908,0.000103480015,0.00010081758,-9.9598925e-05,-7.819831e-05,-0.000183042,-0.00022242831,-0.00032126607,-0.00042696676,-0.00048795933,-0.0005161391,-0.00044642398,-0.00029554,-0.00011558461,-2.8054392e-05,-2.1702956e-05,-1.2170847e-05
1992-07-15 14:00:00,-7.756291e-06,-7.874722e-05,-6.302112e-05,6.803975e-05,-1.900126e-05,-0.00011052187,-3.3397469e-06,-2.7167473e-06,4.6917366e-06,-4.4698856e-05,6.8857e-05,0.00013530892,0.00066291547,0.0013337712,0.001451076,0.000869944,0.00113762,0.0007996796,0.00012041628,8.492076e-05,0.00013432628,9.405443e-05,-2.922854e-06,-0.0001404034,-9.957168e-05,-0.00020197264,-0.00020687788,-0.00029435963,-0.00041818424,-0.0004924078,-0.0004899385,-0.0003913035,-0.00025129167,-9.549182e-05,-3.5729077e-05,-2.1546844e-05,-1.2126674e-05
1992-07-15 15:00:00,3.537305e-05,-7.4771735e-05,-9.419917e-05,6.250844e-05,-2.5121335e-05,-0.00010236262,-1.05161e-05,-8.121438e-06,6.8382615e-06,-2.9127905e-05,7.1941795e-06,0.00011502267,0.000515611,0.001252256,0.0015553427,0.00085079443,0.0011012275,0.00060568075,-0.00012722588,5.8116275e-06,-2.0997686e-06,3.4309902e-05,1.33223875e-05,-6.7981324e-05,-7.4799646e-05,-0.00021082106,-0.00025393185,-0.00034673678,-0.00047493097,-0.00053833955,-0.0005136409,-0.00042218363,-0.0002721517,-0.00013839653,-7.253229e-05,-5.2581912e-05,-3.7691854e-05
1992-07-15 16:00:00,6.7697874e-05,-6.714846e-05,-0.0001657255,2.9904877e-05,-4.8391237e-05,-0.00010145468,-1.8998053e-05,-1.4242833e-05,5.0943704e-06,4.687934e-06,-5.8153237e-06,0.00016211612,0.00064278377,0.0013231088,0.0016738788,0.0009913157,0.0011961292,0.00031871046,-0.0006044702,-0.0005556105,-0.00031322596,3.087493e-05,0.00012882336,7.659262e-05,1.4872632e-05,-0.00017987433,-0.00027087957,-0.00037515923,-0.00049041805,-0.000561029,-0.00056636863,-0.00047363844,-0.00031359954,-0.00020540429,-0.000124027,-9.546141e-05,-7.246576e-05
1992-07-15 17:00:00,7.70392e-05,-6.4878135e-05,-0.00022250871,-2.4119236e-05,-7.4316784e-05,-0.000119798235,-2.147122e-05,-1.5951398e-05,5.6907197e-06,4.034803e-05,1.517604e-05,0.000146212,0.00062874577,0.0013149163,0.0016864942,0.001116816,0.0011895254,-0.0001213605,-0.00096578576,-0.00085958897,-0.00040882395,-2.0002044e-06,9.3832015e-05,4.9841183e-05,-5.6626523e-06,-0.00019064113,-0.0002952132,-0.00041066017,-0.000539629,-0.0006197351,-0.000612212,-0.00045978295,-0.0003072081,-0.00020938931,-0.00013128266,-0.00010088742,-7.949741e-05
1992-07-15 18:00:00,6.431105e-05,-0.00017730938,-0.0002789067,-7.429691e-05,-8.123116e-05,-0.00011390042,-2.3776134e-05,-1.1085967e-05,-4.777873e-07,3.6852503e-05,7.1342816e-05,0.00013856839,0.0006067772,0.0012905934,0.0016573915,0.0011511951,0.0010089449,-0.00043022432,-0.0010853512,-0.00090684963,-0.0004038649,-1.5186815e-05,3.0237657e-05,-2.7253162e-05,-3.3839533e-05,-0.00018681012,-0.0003314952,-0.00047275203,-0.0006196996,-0.0006907834,-0.00063954375,-0.00046042583,-0.00030791908,-0.00020575238,-0.00012662423,-9.222775e-05,-7.213011e-05
1992-07-15 19:00:00,5.6350036e-06,-0.00029852858,-0.00032804493,-0.00013043317,-7.036273e-05,-7.681789e-05,-2.4285406e-05,-5.4089182e-06,-9.580726e-07,2.6296748e-05,0.00015434403,0.00012902914,0.0005345208,0.0012340853,0.0016018878,0.0011467724,0.00080127706,-0.00047311487,-0.0010243668,-0.0008120964,-0.000281622,-7.956987e-07,-3.231365e-05,-6.285812e-05,-4.9601367e-06,-0.00014055212,-0.0003221072,-0.00049977837,-0.0006883524,-0.0007724735,-0.0007169939,-0.00052535284,-0.0003391515,-0.0002015604,-0.000117479154,-8.707024e-05,-6.787354e-05
1992-07-15 20:00:00,-5.2985426e-05,-0.00028961926,-0.00038711663,-0.00019463562,-9.0374815e-05,-7.901445e-05,-2.1809892e-05,-3.0277668e-06,-2.3141527e-06,1.0402166e-05,0.00020977818,9.011648e-05,0.00044127874,0.0012069778,0.0014645285,0.0009929196,0.0004055496,-0.00081508677,-0.0009365806,-0.00059342606,-0.0001369759,-6.799063e-05,-0.00011556744,-6.341665e-05,4.0720333e-06,-0.00013825459,-0.00031929638,-0.00049860595,-0.00070572086,-0.0007945712,-0.0007501017,-0.0005726721,-0.00035291255,-0.00017927529,-9.584593e-05,-7.868042e-05,-6.410482e-05
1992-07-15 21:00:00,-5.0122348e-05,-0.00031899143,-0.00043792656,-0.0001781571,-0.000103502556,-6.2717634e-05,-1.5921829e-05,-2.282975e-06,-2.7187734e-06,7.0457245e-06,0.00025982157,2.0152755e-05,0.0002881652,0.0011053018,0.0013121687,0.0007621473,6.864046e-05,-0.00084558653,-0.00071056566,-0.00033362966,-9.6889446e-05,-0.0002053729,-0.00023848598,-0.00010382042,-4.6756963e-05,-0.00015115387,-0.00031058438,-0.00046877432,-0.00066970615,-0.00076584786,-0.0007421762,-0.0005749238,-0.00032158438,-0.0001314735,-6.107298e-05,-6.413795e-05,-5.537729e-05
1992-07-15 22:00:00,-0.00024400321,-0.00047438836,-0.000432453,-0.000105964486,-8.100463e-05,-3.887521e-05,-5.951785e-06,-2.158053e-06,1.2442206e-07,1.5828733e-05,0.000313761,-4.719961e-06,0.00018709783,0.0010181989,0.0013069068,0.0006715737,-5.7225392e-05,-0.0007644852,-0.0005264622,-0.00017164665,-4.0500476e-05,-0.00031783618,-0.00036525115,-0.00026810233,-0.00018279036,-0.00023393819,-0.00039979562,-0.0005442678,-0.0007452538,-0.000832833,-0.0007752336,-0.000571392,-0.00027700435,-7.733754e-05,-2.6247537e-05,-4.439962e-05,-4.1446798e-05
1992-07-15 23:00:00,-0.00025884953,-0.00043548387,-0.0003785564,-8.123586e-05,-8.903007e-05,-8.537541e-05,-4.419176e-06,4.31059e-08,2.9589114e-06,2.3895498e-05,0.00017801498,5.3034677e-05,7.875951e-05,0.000880481,0.001084411,0.00027329772,-0.00074822945,-0.0012743992,-0.0006389845,-0.00013396784,-1.2219141e-05,-0.00034002328,-0.00042630505,-0.00037598453,-0.00023706861,-0.00023997563,-0.0004256225,-0.00057809905,-0.0008010182,-0.0008702384,-0.00075933465,-0.00051191996,-0.0002123053,-3.600134e-05,-7.340712e-06,-3.3430748e-05,-3.582794e-05
1992-07-16,-0.00029813073,-0.0004160407,-0.00018321103,-6.269071e-05,-4.314797e-05,-2.3896244e-05,1.8376977e-07,4.747659e-06,1.9545016e-06,4.4622622e-05,0.00013161763,0.00010901675,7.514538e-05,0.000675723,0.00063648925,-0.00036559821,-0.0017736504,-0.0018293365,-0.000656432,-0.00018954677,-9.69274e-07,-0.00032315677,-0.00049217604,-0.0005403053,-0.00040724894,-0.00031267502,-0.00045142262,-0.00058743474,-0.0007993919,-0.00085689325,-0.00072940683,-0.0004553345,-0.00015173515,-2.693877e-06,9.325362e-06,-2.013578e-05,-2.5281162e-05
1992-07-16 01:00:00,-0.0003126479,-0.00030266476,-3.4839184e-05,-5.021648e-05,-2.337287e-05,-1.347751e-05,-2.6841012e-06,3.4445602e-06,-4.7492176e-07,6.209975e-05,0.0001128857,0.00023778409,7.557782e-05,0.0005234947,0.00020872288,-0.00096652715,-0.002531278,-0.0024620423,-0.00074256834,-0.0002745563,-9.891723e-06,-0.00041538948,-0.0006662748,-0.0007998536,-0.0006498598,-0.00040736576,-0.00046259048,-0.00057637785,-0.0007491289,-0.000829395,-0.00070607907,-0.00042413647,-0.0001223808,1.4153709e-05,1.8358369e-05,-1.1145288e-05,-1.808835e-05
1992-07-16 02:00:00,-0.0007118944,-0.0002858548,5.146164e-05,3.766735e-05,-3.3210446e-05,-4.169866e-05,-4.415203e-06,6.8139107e-06,-2.4873611e-06,6.982812e-05,0.00012613212,0.00035233865,-1.0323394e-05,0.00040578842,-0.00018833013,-0.0015446122,-0.0030876277,-0.0035154996,-0.0008025585,-0.00042969955,-0.00010783682,-0.0005624786,-0.0009090747,-0.0010773101,-0.0009996861,-0.0006473926,-0.00060920266,-0.00065878767,-0.0007223829,-0.0007713394,-0.00065049215,-0.0003748831,-0.00010612956,1.9647261e-05,1.8900102e-05,-7.1881104e-06,-1.4353859e-05
1992-07-16 03:00:00,-0.0010159364,-0.00014227476,0.00012535254,8.286342e-05,-4.0914576e-05,-2.1302334e-05,4.1124474e-07,1.0223651e-05,-3.868125e-06,4.897056e-05,0.0001285149,0.00042580208,-7.759275e-05,0.0003411352,-0.0004399723,-0.0020264792,-0.0033445726,-0.0047475123,-0.0009932847,-0.00061496545,-0.0002664521,-0.0006154523,-0.0010563731,-0.0012772774,-0.001164427,-0.0008726271,-0.0008042669,-0.0007926323,-0.000759501,-0.00070363877,-0.00053851935,-0.0002923122,-8.674794e-05,2.0462656e-05,1.7945724e-05,-6.700397e-06,-1.437753e-05
1992-07-16 04:00:00,-0.0010316977,-0.00020419186,4.2823947e-05,0.0001389746,-4.0009727e-05,-3.4782966e-05,2.7664723e-07,8.349503e-06,-3.7930022e-06,3.386384e-05,0.00012819827,0.0005173278,-0.00015850461,0.00027455864,-0.00070022803,-0.0027390753,-0.0040130834,-0.0058991853,-0.0017257953,-0.0008221858,-0.0004308004,-0.00059648126,-0.0010039601,-0.0012056505,-0.0011827932,-0.0010176501,-0.00089610944,-0.0008327331,-0.0007457534,-0.00063057954,-0.00043628187,-0.00021402727,-6.404441e-05,1.2627966e-05,5.6582326e-06,-1.1859078e-05,-1.4781677e-05
1992-07-16 05:00:00,-0.0009027491,-0.00015379823,3.642038e-05,0.00016511946,-8.2081115e-06,-3.3493598e-05,-2.8624156e-06,-1.3779235e-06,-8.592414e-08,3.8529513e-05,0.00016089469,0.00064766407,-0.00017580486,0.00018677536,-0.000728566,-0.0028571323,-0.004269694,-0.006438884,-0.0026953132,-0.0011318652,-0.00066345,-0.000513984,-0.000868881,-0.0010619815,-0.0011856409,-0.0011274102,-0.0010052293,-0.0008801514,-0.0007429762,-0.0006072907,-0.00041158695,-0.0002019112,-5.894136e-05,1.6198053e-05,9.593455e-06,-8.026595e-06,-1.044655e-05
1992-07-16 06:00:00,-0.00081302226,-0.00020980803,-2.9182927e-05,0.00013730966,6.168213e-06,-2.9981722e-05,-1.349462e-05,1.5665453e-06,4.1782914e-06,6.1784915e-05,0.00022612381,0.000662127,-0.00015256193,0.00010699945,-0.000811719,-0.0028385012,-0.0044472725,-0.0063989633,-0.0033236146,-0.0014632223,-0.00081299536,-0.00044406118,-0.00069894275,-0.0009512487,-0.0010882253,-0.0011458023,-0.0010370574,-0.00087391323,-0.00069033355,-0.0005238199,-0.00035598472,-0.00020129254,-7.0413334e-05,1.1486511e-05,4.313765e-06,-1.1592885e-05,-1.2194488e-05
1992-07-16 07:00:00,-0.0005753096,-0.00019805542,-9.1153954e-05,0.00011164812,2.5424053e-05,-1.0900559e-05,-2.3187762e-05,7.670357e-07,7.2993707e-06,8.002685e-05,0.00028129682,0.0006165963,-0.00012911201,1.734525e-05,-0.000853345,-0.0026234367,-0.0043098335,-0.006087536,-0.0036018267,-0.0017147562,-0.00090284564,-0.0004463299,-0.0005211926,-0.0008553309,-0.0009521475,-0.001130644,-0.0010173896,-0.0008479235,-0.0006735283,-0.00048762868,-0.00030327737,-0.00017295082,-6.2147046e-05,8.322124e-06,-1.0384385e-06,-1.4918908e-05,-1.3017097e-05
1992-07-16 08:00:00,-0.00045931086,-0.00014781662,-0.000121368874,0.00012810894,4.4914494e-05,-8.365924e-06,-2.7605318e-05,2.494017e-07,9.484183e-06,9.0722046e-05,0.000301179,0.00056113827,-6.256114e-05,-7.05535e-05,-0.0007970455,-0.0020535735,-0.0035877873,-0.005308045,-0.0033360925,-0.0018169107,-0.0009062125,-0.00051156676,-0.0004208702,-0.00071807683,-0.0008252303,-0.001087102,-0.0009738277,-0.00080774183,-0.0006566569,-0.0004948395,-0.00032346108,-0.00017482211,-5.8148664e-05,7.040545e-06,-2.3537518e-06,-1.639078e-05,-1.3579268e-05
1992-07-16 09:00:00,-0.00036942662,-0.000110311244,-9.8629745e-05,0.00010238699,8.230901e-05,-8.710556e-06,-3.4569417e-05,3.0573585e-07,5.4958027e-06,0.00011024992,0.00029429462,0.0005371891,-4.450902e-05,-0.00013036386,-0.00078394887,-0.0015883947,-0.0028574902,-0.0042205397,-0.0027141408,-0.0015995835,-0.0008282905,-0.00049576815,-0.0003492952,-0.0005359991,-0.0007097344,-0.0009739524,-0.0008144445,-0.0006741608,-0.0005597862,-0.0004428675,-0.00032423186,-0.00019199341,-6.7568006e-05,-2.9515177e-06,-9.281367e-06,-1.9935229e-05,-1.6547914e-05
1992-07-16 10:00:00,-0.00017038346,-0.000118368196,-7.196139e-05,6.358259e-05,9.754301e-05,8.4028875e-07,-4.5199664e-05,1.745625e-07,-1.9977667e-06,0.00013399382,0.00025186304,0.0004584288,9.177118e-05,-2.0736385e-05,-0.00037667874,-0.0010982833,-0.0023232745,-0.0036182203,-0.0025845324,-0.0015072236,-0.0007967659,-0.00037155734,-0.00022891961,-0.00036987624,-0.00061383547,-0.0008463383,-0.0007726698,-0.0006605653,-0.0005297216,-0.00038791436,-0.00027866237,-0.00018928159,-8.5832246e-05,-1.3007158e-05,-1.4951874e-05,-2.622608e-05,-2.3814016e-05
1992-07-16 11:00:00,-0.00012382447,-0.00015342055,-5.9842652e-05,-1.163345e-05,9.1295566e-05,5.823486e-06,-4.5462344e-05,-3.144583e-06,-5.270831e-06,0.00013105584,0.00029695022,0.0004176505,0.00014833413,-8.783656e-05,-0.00029500632,-0.0006470079,-0.0015222762,-0.0024049701,-0.001747589,-0.0010250243,-0.0004942804,-0.0002452116,-0.00018814552,-0.00026284045,-0.0004503157,-0.0006623198,-0.00064502715,-0.00056545634,-0.00045070442,-0.00032461237,-0.00022903796,-0.00016211436,-7.7990284e-05,-1.4607448e-05,-1.8239156e-05,-2.715234e-05,-2.674205e-05
1992-07-16 12:00:00,-8.096193e-05,-0.00018709971,-0.00015432597,-4.309985e-05,8.3352366e-05,1.1475013e-05,-3.5146768e-05,-5.3241533e-06,-6.5005706e-06,0.00014220361,0.00024899206,0.00043368273,0.00019325562,-0.00013404968,-0.0002402938,-0.00028550118,-0.0008477912,-0.0014955616,-0.0011720636,-0.0006731525,-0.00031988762,-0.00019054484,-0.0001498273,-0.00015937374,-0.00031610118,-0.00053341134,-0.00055169064,-0.00048216293,-0.0003750298,-0.00027046056,-0.00019555072,-0.00013497254,-6.313887e-05,-1.3257043e-05,-2.0007119e-05,-2.5727979e-05,-2.3251907e-05
1992-07-16 13:00:00,-4.9349263e-05,-0.00019295108,-0.00023563794,-6.8817346e-05,6.549758e-05,1.26742025e-05,-1.9887557e-05,-4.076976e-06,2.341717e-07,0.00013165457,0.0001587183,0.0005098631,0.00021930525,-0.00014633962,-0.00021284493,-0.00013255801,-0.00049018476,-0.0008907321,-0.00078765204,-0.00043851772,-0.00018348725,-0.00014242344,-8.758524e-05,-5.6674602e-05,-0.0001778294,-0.00037880504,-0.00043309896,-0.00037585443,-0.0002978622,-0.00022844522,-0.00017485162,-0.00012083854,-5.4815297e-05,-1.288205e-05,-1.848525e-05,-2.3759436e-05,-2.3965122e-05
1992-07-16 14:00:00,-5.740842e-05,-0.00020290099,-0.00030735228,-7.0339884e-05,3.117724e-05,2.246183e-05,-8.068051e-06,-4.5979773e-06,4.1551266e-06,0.000118627824,0.00013170675,0.0005153032,0.00020470278,-0.000154996,-0.00020669741,-0.00010402926,-0.00035232067,-0.0006118781,-0.00053277274,-0.0003281872,-0.000115262614,-7.7787015e-05,-3.785055e-05,-9.450989e-06,-9.043867e-05,-0.00024832404,-0.00032344728,-0.00028830458,-0.00022379751,-0.0001699167,-0.00013838815,-9.2360475e-05,-3.9751358e-05,-1.0512035e-05,-1.7090853e-05,-2.1648937e-05,-2.2649441e-05
1992-07-16 15:00:00,-2.3319237e-05,-0.00023363368,-0.00025311945,-8.7116336e-05,-2.2511264e-05,2.7890432e-05,-5.9626773e-06,-7.36055e-06,5.438612e-06,0.00011437062,0.00013949825,0.0004064892,0.00016733436,-0.0001638493,-0.00021422056,-0.00015397824,-0.0003207499,-0.00049851893,-0.00042661658,-0.00024717263,-7.4918e-05,-3.800387e-05,-5.3865333e-05,-3.6068646e-05,-4.9321738e-05,-0.00015875438,-0.00025408957,-0.0002393056,-0.0001823722,-0.00014207345,-0.00012352779,-7.892575e-05,-2.8842225e-05,-6.871272e-06,-1.3633379e-05,-1.6165608e-05,-1.7193688e-05
1992-07-16 16:00:00,-8.533821e-05,-0.00027559948,-0.00018305842,-0.00013412154,-4.2513253e-05,1.4915954e-05,-3.2715106e-06,-9.5748765e-06,7.65304e-06,9.191776e-05,0.00012281703,0.00034486782,8.254249e-05,-0.00017525656,-0.0002306552,-0.0002050032,-0.00033840362,-0.00049590133,-0.00044462283,-0.0002474219,-3.7182304e-05,-2.8401351e-05,-7.650129e-05,-6.893898e-05,-3.0209245e-05,-8.444027e-05,-0.00018209065,-0.00019035164,-0.00015566821,-0.00013552947,-0.0001200717,-6.931318e-05,-2.328011e-05,-8.647978e-06,-1.38130945e-05,-1.556324e-05,-1.6183449e-05
1992-07-16 17:00:00,-0.000114855604,-0.00032200848,-8.6404485e-05,-0.00015710611,-6.742806e-05,-2.8141894e-06,8.9377045e-07,-6.342215e-06,4.962245e-06,6.626873e-05,9.99722e-05,0.000248064,2.6435633e-05,-0.00017193383,-0.00021113447,-0.00018295116,-0.00029170752,-0.0005001939,-0.00048751125,-0.00027884668,-3.8198297e-05,-2.5608188e-05,-9.341936e-05,-8.805975e-05,-2.0968504e-05,-2.0486725e-05,-0.00010445371,-0.00013228317,-0.00012486015,-0.00012072403,-0.000106656575,-5.9482438e-05,-1.989028e-05,-1.0106349e-05,-1.3926381e-05,-1.4996518e-05,-1.5347978e-05
1992-07-16 18:00:00,-0.00016904212,-0.00028567066,-5.90722e-05,-0.00015520812,-7.861816e-05,-4.942817e-06,5.4218544e-06,-5.601956e-06,2.4393194e-06,5.4045104e-05,7.780509e-05,0.00016860578,2.0572124e-06,-0.0001349365,-0.00014469466,-0.00010691494,-0.00020425464,-0.00048546825,-0.0005051674,-0.000303099,-5.7268284e-05,-3.0190002e-05,-9.7500466e-05,-9.865762e-05,-2.1183043e-05,3.977712e-05,-3.011062e-05,-7.011869e-05,-8.409636e-05,-9.262921e-05,-8.3388935e-05,-5.414219e-05,-1.9714631e-05,-1.2702424e-05,-1.527908e-05,-1.5341448e-05,-1.5677722e-05
1992-07-16 19:00:00,-0.00017569058,-0.00024001696,-7.306493e-05,-0.00013316999,-7.9494974e-05,-1.7771144e-06,6.7614806e-06,-3.0779383e-06,-1.8956143e-08,4.1318286e-05,4.0711966e-05,0.0001322881,-1.60388e-05,-9.6806034e-05,-7.391218e-05,1.6176265e-05,-4.274663e-05,-0.00047052943,-0.00048054158,-0.00031842742,-8.301429e-05,-3.505405e-05,-8.228818e-05,-9.598254e-05,-2.8411472e-05,7.2573035e-05,2.1649008e-05,-1.7914273e-05,-5.150684e-05,-7.670225e-05,-7.791279e-05,-5.4619042e-05,-1.8815144e-05,-1.3819874e-05,-1.5843494e-05,-1.5599266e-05,-1.6023501e-05
1992-07-16 20:00:00,-0.000129371,-0.0002752184,-5.959609e-05,-0.000121153455,-9.2911025e-05,-2.291784e-05,7.089668e-06,-1.5802655e-06,-2.717293e-06,3.5642777e-05,3.400954e-05,9.698665e-05,-3.9094313e-05,-1.9459992e-05,3.4209042e-05,0.00013650235,9.6776785e-05,-0.00038735144,-0.00037120093,-0.00027395325,-9.077052e-05,-3.4750417e-05,-6.701943e-05,-8.559677e-05,-3.4358767e-05,8.655763e-05,5.7235822e-05,2.1617372e-05,-2.4977668e-05,-6.800711e-05,-7.483666e-05,-4.8265763e-05,-1.673342e-05,-1.3487343e-05,-1.4078231e-05,-1.410629e-05,-1.4861085e-05
1992-07-16 21:00:00,-8.556535e-05,-0.00024174657,-5.8443075e-05,-0.000113719296,-0.00010191277,-2.746966e-05,6.881769e-06,-4.080714e-06,-8.59402e-06,2.7728825e-05,3.815123e-05,9.6982294e-05,-5.8428483e-05,6.598379e-05,0.00017016033,0.00022528994,0.00016491985,-0.0002712,-0.00022619512,-0.00018933046,-7.563214e-05,-3.5747715e-05,-5.281576e-05,-7.345378e-05,-3.332559e-05,8.029798e-05,6.562273e-05,3.4125304e-05,-1.0993474e-05,-6.1319864e-05,-7.474705e-05,-4.393948e-05,-1.8774459e-05,-1.46523835e-05,-1.3317909e-05,-1.2140976e-05,-1.17864265e-05
1992-07-16 22:00:00,-0.00010845261,-0.0002105126,-0.00017342958,-7.900973e-05,-9.282197e-05,-2.3178904e-05,1.8754024e-06,-6.229233e-06,-1.4434242e-05,2.8349668e-05,7.747356e-05,0.000106882726,-0.000107534324,0.00011256322,0.00022900381,0.00020644114,0.00017652145,-0.00015489607,-8.745733e-05,-0.00010906851,-5.2032476e-05,-3.0210627e-05,-5.0322433e-05,-5.9199272e-05,-9.231726e-06,4.234111e-05,1.2237255e-05,-1.6519192e-05,-4.547641e-05,-7.377521e-05,-7.1396746e-05,-4.1368072e-05,-2.793942e-05,-2.2392753e-05,-1.961091e-05,-1.8271548e-05,-1.6529255e-05
1992-07-16 23:00:00,-9.458698e-05,-0.00024276672,-0.00018966923,-5.434415e-05,-9.2738366e-05,-2.3685494e-05,-5.1360494e-06,-4.385246e-06,-2.036984e-05,2.7151424e-05,0.00014353241,0.00014044101,-0.000119501296,0.00015622632,0.0003067735,0.00024216934,0.00021172545,-9.4648945e-05,9.303942e-06,-6.9075046e-05,-2.9141149e-05,-1.9127498e-05,-4.0114493e-05,-5.052862e-05,-1.7362083e-05,1.8263376e-05,5.5075e-07,-1.6222708e-05,-3.2723667e-05,-6.2643405e-05,-7.130394e-05,-4.2524214e-05,-3.1367766e-05,-2.680589e-05,-2.3707064e-05,-2.2306935e-05,-1.5622794e-05
1992-07-17,-0.0002529043,-0.00030228632,-0.00018697501,-2.795265e-05,-8.007665e-05,-2.5487712e-05,8.189443e-07,2.9471117e-08,-2.0384718e-05,2.7052949e-05,0.00023305452,0.00016926318,-0.00015775918,0.00017941302,0.00034977825,0.00022679719,0.00018939278,-3.9264545e-05,6.0485494e-05,-4.4474255e-05,-1.6827122e-05,-1.4883698e-05,-2.7441905e-05,-3.1793665e-05,-2.6757607e-05,-7.381561e-06,-4.8352485e-06,-1.4493689e-05,-2.0146088e-05,-4.0614257e-05,-5.0711744e-05,-3.1016745e-05,-2.7142925e-05,-3.1172036e-05,-3.1902335e-05,-3.2314325e-05,-2.1002379e-05
1992-07-17 01:00:00,-0.0004363712,-0.0003243859,-0.00014210056,-2.6248561e-05,-8.0130696e-05,-3.576657e-05,6.59769e-06,4.5701454e-06,-1.7713819e-05,1.5133324e-05,0.00030178032,0.00019281125,-0.00017079439,0.00016922767,0.0003583865,0.0001775257,0.00013265258,2.3295288e-06,5.394705e-05,-3.4401717e-05,-2.1827615e-05,-1.7320855e-05,-1.6387996e-05,-1.5617708e-05,-3.336067e-05,-4.3935604e-05,-2.5882971e-05,-2.5339006e-05,-1.9223236e-05,-2.1491662e-05,-2.5122848e-05,-1.648478e-05,-1.6952103e-05,-2.8331735e-05,-3.4101053e-05,-3.2473232e-05,-1.7269136e-05
1992-07-17 02:00:00,-0.00055348134,-0.0002961685,-7.126977e-05,-2.4687182e-05,-7.44254e-05,-5.6599216e-05,2.248533e-06,1.0269431e-05,-1.3009633e-05,-5.992402e-06,0.00037093592,0.00019392687,-0.0001440797,0.00016226777,0.00035691407,0.00014393814,0.00010103655,5.7990444e-05,2.62908e-05,-2.180269e-05,-2.1793989e-05,-2.3259672e-05,-1.350132e-05,-1.0115984e-05,-3.3827357e-05,-5.8064186e-05,-4.37681e-05,-3.8033715e-05,-2.8478446e-05,-2.3033388e-05,-1.8550687e-05,-8.259836e-06,-8.733393e-06,-2.3314424e-05,-3.2751104e-05,-3.0418361e-05,-1.3484567e-05
1992-07-17 03:00:00,-0.00069502695,-0.0002550474,-7.117415e-05,-3.749568e-05,-5.7540274e-05,-7.062664e-05,-1.2971536e-06,1.1821749e-05,-9.9772e-06,-1.9074616e-05,0.0003765015,0.00019754728,-0.000121462675,0.00016217657,0.00034674222,0.0001153848,7.555071e-05,0.00011885284,4.279545e-05,8.2607585e-06,-6.6824214e-06,-2.2437733e-05,-2.1067284e-05,-9.921543e-06,-2.57924e-05,-6.0935417e-05,-5.59486e-05,-4.608629e-05,-3.3701122e-05,-1.8875076e-05,-8.048632e-06,-4.728059e-06,-6.5816885e-06,-1.9930236e-05,-3.2929274e-05,-3.409372e-05,-1.724115e-05
1992-07-17 04:00:00,-0.0007471163,-0.00031601434,-0.000110351786,-2.6841364e-05,-5.4456144e-05,-7.2529656e-05,-1.1988793e-05,1.0252044e-05,-8.310415e-06,-1.6022068e-05,0.00038413084,0.00015670173,-0.00013259967,0.00018992885,0.00033464815,0.00011760722,9.660775e-05,0.00017648752,6.381898e-05,1.7589839e-05,1.18984135e-05,-1.2191209e-05,-2.2307506e-05,-7.29565e-06,-1.7544475e-05,-4.4750537e-05,-5.0630126e-05,-4.482976e-05,-3.699387e-05,-2.273067e-05,-1.7775537e-05,-1.8161136e-05,-1.0533894e-05,-1.8779894e-05,-2.8343464e-05,-3.0386745e-05,-1.9909814e-05
1992-07-17 05:00:00,-0.00078397605,-0.0002379645,-9.865392e-05,1.5277716e-05,-3.039549e-05,-5.3624783e-05,-1.560377e-05,7.4955497e-06,-3.0210015e-06,-5.5573173e-06,0.0003714133,0.00011306119,-0.0001865237,0.00021652781,0.00032545568,0.00013014216,0.00014699496,0.00021025003,5.3823795e-05,7.732109e-06,1.4790221e-05,-2.426601e-06,-1.6929662e-05,-6.237232e-06,-1.2022437e-05,-2.5981968e-05,-2.5314592e-05,-2.41957e-05,-2.7180766e-05,-3.0455869e-05,-3.883911e-05,-3.139651e-05,-1.4202733e-05,-1.7041335e-05,-2.3271172e-05,-2.419447e-05,-1.6079211e-05
1992-07-17 06:00:00,-0.0007158913,-0.00017815377,-9.208168e-05,3.4325767e-06,-2.1010546e-05,-3.558492e-05,-1.2824959e-05,2.9833188e-07,5.7242787e-06,9.186319e-06,0.00035518987,9.8033386e-05,-0.00024915463,0.00020630489,0.00030658138,0.00015565973,0.00022630296,0.00020096923,-4.4366214e-05,-7.2961746e-05,-1.051696e-05,-1.0356688e-05,-2.6722972e-05,-2.3734272e-05,-1.5330355e-05,1.948445e-06,-6.178136e-06,-1.2052047e-05,-2.5341313e-05,-4.5603087e-05,-6.1873645e-05,-4.2698543e-05,-1.6864195e-05,-1.5911599e-05,-2.3502816e-05,-3.123907e-05,-1.942639e-05
1992-07-17 07:00:00,-0.0006770749,-0.00017183885,-7.618041e-05,-2.94434e-05,-1.9779454e-05,-2.3460892e-05,-1.8404946e-05,-6.652799e-06,1.0298011e-05,9.2249675e-06,0.00041194214,9.149929e-05,-0.0002556195,0.00023482347,0.00030242724,0.00019611657,0.0003040323,0.00011381514,-0.00019208471,-0.00019306478,-6.6802946e-05,-5.7517645e-05,-7.837125e-05,-7.248684e-05,-4.3685308e-05,1.7410595e-05,6.8102725e-07,-8.580091e-06,-2.5138645e-05,-4.973236e-05,-6.671443e-05,-4.582136e-05,-1.6065918e-05,-1.368813e-05,-2.1804339e-05,-3.1588723e-05,-2.1770533e-05
1992-07-17 08:00:00,-0.00064143195,-0.00020280556,-6.652501e-05,-9.78624e-06,-1.6488073e-05,-1.3305515e-05,-2.2186627e-05,-1.2484021e-05,1.0775151e-05,5.008163e-06,0.00046758528,0.000103699225,-0.0002534013,0.00024406984,0.00032352313,0.00029116872,0.0003756091,-5.2898977e-06,-0.00037907256,-0.00028000306,-0.00012480021,-0.00013041278,-0.00015035566,-0.0001225918,-6.30426e-05,4.3128446e-05,1.9147868e-05,7.717103e-06,-1.41509245e-05,-4.5369212e-05,-6.3745916e-05,-4.428523e-05,-1.5782785e-05,-1.160564e-05,-2.3421144e-05,-3.5894103e-05,-2.2823318e-05
1992-07-17 09:00:00,-0.00060154684,-0.00025856768,-4.768474e-05,5.614102e-06,-1.4734011e-05,-1.2268644e-05,-1.5348829e-05,-1.732809e-05,9.876942e-06,-5.242559e-06,0.00049706263,0.00011078525,-0.0002195311,0.00023116253,0.00034747133,0.00037366973,0.0003840304,-0.00015465947,-0.00056136807,-0.0003147059,-0.00021372142,-0.00023070167,-0.00024735462,-0.00019070429,-9.481213e-05,5.343404e-05,1.716628e-05,1.5198153e-05,6.1568653e-06,-2.3579207e-05,-4.8316528e-05,-3.738516e-05,-1.4411282e-05,-9.590533e-06,-2.2795295e-05,-3.9603136e-05,-2.592957e-05
1992-07-17 10:00:00,-0.00070080673,-0.00033997424,-4.9551563e-05,3.9601264e-06,-1.017326e-05,-1.0622515e-05,-2.1241856e-05,-1.8608831e-05,8.239222e-06,3.9352562e-07,0.00047045515,0.00010797025,-0.00019603633,0.00023115145,0.00040602402,0.00038645315,0.00031905508,-7.5408636e-05,-0.0003390565,-0.00014288905,-0.00016431074,-0.00017546266,-0.00019635819,-0.00013849423,-5.78196e-05,5.503596e-05,-3.9853232e-05,-3.297054e-05,-1.1895176e-05,-1.6254375e-05,-2.2076136e-05,-1.2312814e-05,-3.658131e-06,-2.9091748e-06,-9.846782e-06,-2.6526166e-05,-3.450643e-05
1992-07-17 11:00:00,-0.0004589682,-0.00026267726,-5.230532e-05,1.8477584e-05,-1.4420693e-05,-3.7699e-06,-1.6373157e-05,-1.8821518e-05,4.6532286e-06,-1.2059911e-05,0.00039660788,0.0001182991,-0.00015363867,0.00019345598,0.00045803995,0.0004145033,0.0003153769,-5.1692252e-05,-0.00026747474,-0.00013775927,-0.00013820807,-0.00015765773,-0.0001831013,-0.0001371601,-5.4641598e-05,5.4748256e-05,-2.5190342e-05,-1.6760354e-05,1.7688837e-06,-1.2792903e-05,-3.2086413e-05,-1.9456917e-05,-7.147268e-06,-4.87625e-06,-7.0834567e-06,-2.3994224e-05,-2.7657901e-05
1992-07-17 12:00:00,-0.0005041652,-0.00039392494,-3.231215e-05,7.87263e-06,-1.0376569e-05,-1.3157408e-05,-6.2331274e-06,-1.3044277e-05,2.9912585e-06,-3.5520206e-06,0.0003719449,9.7277116e-05,-0.0001122884,0.00013474254,0.0005013534,0.00040642463,0.00025273368,-9.0272195e-05,-0.00018829753,-0.0001775216,-0.0001345863,-0.0001844991,-0.00025619584,-0.00016966485,-7.871055e-05,3.8090635e-05,-9.52154e-06,-3.0651008e-06,1.1009944e-05,-1.3635877e-05,-4.314644e-05,-2.6032018e-05,-8.64273e-06,-5.72019e-06,-6.9515336e-06,-2.4985993e-05,-2.1271886e-05
1992-07-17 13:00:00,-0.00026769546,-0.0002507697,-4.6238933e-05,-4.7226786e-07,-1.3894333e-05,-1.705315e-05,-9.706207e-06,-1.0692758e-05,-5.704892e-07,-4.7589447e-06,0.00027351052,4.2153108e-05,-9.819998e-05,5.996647e-05,0.0004926111,0.00032200426,9.583647e-05,-0.00011817324,-0.00017042848,-0.00019554654,-0.00018734405,-0.00027644527,-0.0003792405,-0.00023514929,-0.00010463247,1.5181051e-05,-4.0479405e-05,-4.126381e-05,-8.138386e-06,-1.6834463e-05,-4.361909e-05,-2.2136028e-05,1.8550154e-06,-2.3766925e-06,-1.1252227e-05,-3.166319e-05,-2.4986151e-05
1992-07-17 14:00:00,-0.0004877738,-0.0001869624,-6.323013e-05,-8.312354e-06,-1.6358375e-05,-3.0620507e-05,-1.409803e-05,-5.211696e-06,-2.627947e-06,-1.0873942e-05,0.0001941388,2.1045626e-06,-9.903345e-05,4.058573e-06,0.0005241193,0.00031717704,6.440794e-05,-0.00018384476,-0.00025168931,-0.00024604468,-0.00024893915,-0.00035293974,-0.00043048186,-0.00022935637,-5.1737094e-05,2.579981e-05,-9.55925e-05,-8.759899e-05,-3.173219e-05,-1.8900886e-05,-4.2256157e-05,-4.122311e-05,-2.7995926e-05,-1.44344285e-05,-1.3239172e-05,-1.9582238e-05,-1.4268948e-05
1992-07-17 15:00:00,-0.00025724864,-0.00018179462,-4.4780783e-05,-3.364481e-06,-1.6458955e-05,-4.1997017e-05,-1.5608857e-05,-5.529858e-06,1.04673184e-07,1.8305234e-05,0.0001313531,1.5677506e-06,-8.487338e-05,1.1930024e-05,0.0005533881,0.00026944093,-2.4562789e-05,-0.00035352816,-0.0003799922,-0.0003320822,-0.00032085905,-0.00042174978,-0.00044595366,-0.0001916174,6.9374255e-07,1.42493245e-05,-0.00017464891,-0.00012736031,-5.41251e-05,-3.0693074e-05,-3.2400018e-05,-2.878183e-05,-2.1992691e-05,-1.23441105e-05,-1.9963069e-05,-1.9056337e-05,-1.3924896e-05
1992-07-17 16:00:00,-0.00019576307,-0.00015626021,-3.145417e-05,-1.449921e-06,-3.8132202e-06,-3.9043753e-05,-5.453249e-06,-8.259854e-06,7.209778e-07,3.7853242e-05,0.00010611686,1.6951919e-05,-6.0707116e-05,-1.5602178e-05,0.0006115872,0.00028629022,6.7747897e-06,-0.000388984,-0.00046541443,-0.00033199182,-0.000327995,-0.0004464864,-0.00032866086,-7.2480216e-05,7.4542186e-05,3.3305674e-05,-0.00014364492,-9.420378e-05,-6.215913e-05,-6.828954e-05,-5.89064e-05,-3.6009333e-05,-2.4675785e-05,-2.0051768e-05,-1.9258841e-05,-1.2105821e-05,-9.785703e-06
1992-07-17 17:00:00,4.1227286e-06,-0.000102664606,-2.1198517e-05,-7.489963e-06,-1.5590358e-05,-4.2899046e-05,3.7426418e-10,-5.6475556e-06,-4.5448712e-07,2.401243e-05,7.952703e-05,-9.758827e-06,-3.3263877e-05,-6.388666e-05,0.0006286078,0.00031631673,3.804834e-05,-0.00045859246,-0.00047351644,-0.00030270862,-0.00036899958,-0.00045161654,-0.00019073852,-1.2070255e-05,9.756979e-05,4.6961715e-05,-7.929023e-05,-5.576857e-05,-6.995133e-05,-8.410791e-05,-6.021416e-05,-2.8176619e-05,-1.829819e-05,-2.0788415e-05,-1.4493089e-05,-9.986084e-06,-6.9802695e-06
1992-07-17 18:00:00,-0.00016240896,-8.486677e-06,-1.7588136e-05,-2.4166773e-05,-2.8786899e-05,-4.327559e-05,-8.8291645e-06,-2.1453554e-06,-7.7092267e-07,2.680557e-05,4.7255926e-05,-1.2378787e-05,9.068599e-06,-0.000107971704,0.0006139863,0.00035833815,7.082663e-05,-0.000424995,-0.00035585114,-0.00019562565,-0.00032388084,-0.0003360693,-9.042e-05,-1.500765e-05,7.8729885e-05,5.663924e-05,-9.9950375e-06,-1.3361074e-05,-5.1795498e-05,-7.260553e-05,-6.112988e-05,-3.5057623e-05,-2.0136653e-05,-1.6839134e-05,-1.11650825e-05,-8.2864935e-06,-5.5439996e-06
1992-07-17 19:00:00,-0.00013134866,7.022285e-06,-2.4190158e-05,-3.4324494e-05,-3.200937e-05,-3.392536e-05,-1.3930754e-05,-2.3242724e-06,-5.7282847e-07,3.110968e-05,2.0281834e-05,4.809344e-05,4.5133762e-05,-7.2125484e-05,0.00060780166,0.00036815705,7.553297e-05,-0.0003735527,-0.00028089952,-0.00012359307,-0.00026344194,-0.00024144581,-3.2420576e-05,-6.9307716e-06,4.6135494e-05,6.774877e-06,-2.4113524e-05,-1.5151427e-05,-3.949716e-05,-6.205209e-05,-5.925025e-05,-3.503711e-05,-1.9524696e-05,-1.7594895e-05,-1.2954657e-05,-8.07183e-06,-4.9707073e-06
1992-07-17 20:00:00,-1.6419006e-05,-5.327056e-05,-3.7613852e-05,-4.912575e-05,-3.4756376e-05,-4.36915e-05,-5.4574616e-06,-4.3545124e-06,3.3463516e-07,1.5336165e-05,6.4450214e-06,0.00013926209,6.6585446e-05,-1.260623e-05,0.000608817,0.00033844652,8.67745e-05,-0.00034814884,-0.0002508292,-9.675411e-05,-0.00017996748,-0.00017153038,1.0350901e-05,2.1560925e-05,2.0769148e-06,-6.298759e-05,-5.8704194e-05,-3.4376764e-05,-3.628375e-05,-4.5763554e-05,-4.7902096e-05,-3.4121378e-05,-1.9510662e-05,-1.9164474e-05,-1.6698901e-05,-7.585711e-06,-2.6718362e-06
1992-07-17 21:00:00,0.00011062021,-0.00012244866,-5.1844036e-05,-3.9954302e-05,-3.174711e-05,-5.0296414e-05,7.4744275e-07,-8.462745e-06,1.3312874e-06,4.058617e-06,1.2152173e-05,0.00016259866,8.89542e-05,3.307767e-05,0.00059063756,0.00033401465,9.1512265e-05,-0.00038656962,-0.000251768,-8.182389e-05,-9.240924e-05,-0.00011855707,2.0074716e-05,2.4995552e-05,-4.1705756e-05,-0.00010809656,-0.0001239145,-9.641849e-05,-6.873708e-05,-4.2571206e-05,-3.1523745e-05,-2.2892727e-05,-1.6016289e-05,-1.9630224e-05,-1.4953927e-05,-1.6428373e-06,3.172658e-06
1992-07-17 22:00:00,8.090687e-05,-0.00020575029,-8.807739e-05,-3.7223053e-05,-3.6028574e-05,-4.367914e-05,-3.5296034e-07,-8.2362396e-07,4.6809314e-06,7.141134e-06,2.796742e-05,0.00016119551,9.9460485e-05,4.1443764e-05,0.0006090822,0.0003932689,0.00017873535,-0.00017601253,-0.00010510764,1.8638224e-05,1.7682301e-05,-6.592971e-05,5.5065684e-06,7.649171e-06,-3.2374497e-05,-0.00010004873,-0.00021570051,-0.00021260543,-0.00017642364,-0.000105270694,-4.371915e-05,-9.3233975e-06,2.68951e-06,1.4221064e-07,1.0561917e-05,2.6062386e-05,2.237596e-05
1992-07-17 23:00:00,4.9843577e-05,-0.0001620204,-0.00012730018,-5.2591284e-05,-2.8607348e-05,-3.3666995e-05,-9.8409e-06,1.9111505e-06,5.844845e-06,8.740697e-06,7.4705145e-05,0.00015761986,0.00010258465,5.2831332e-05,0.00056564034,0.0004590755,0.00026998267,-0.00019445308,-4.960387e-05,4.6923844e-05,2.9200084e-05,-2.1610213e-05,2.058957e-05,1.1674776e-05,1.0471151e-05,-0.00010646621,-0.00025272745,-0.00026720425,-0.00023313114,-0.00014202556,-4.132626e-05,2.2244183e-05,3.1309097e-05,7.9442525e-06,8.778002e-06,2.783127e-05,2.1542575e-05
1992-07-18,-0.00013509693,-0.00030795246,-0.00015926047,-4.504286e-05,-3.1104853e-05,-1.745874e-05,-1.6431e-05,2.7893086e-06,6.2737754e-06,5.3460567e-06,9.330821e-05,0.00013386407,9.301341e-05,5.8311103e-05,0.00052230334,0.0005119187,0.0003276491,-0.00026499658,-2.5381494e-05,6.254096e-05,1.4576741e-05,8.688439e-06,8.1408165e-05,6.722317e-05,4.4048837e-05,-0.00014219429,-0.00035087336,-0.0003729156,-0.0003224336,-0.00022513437,-0.000112916794,-1.30001e-05,3.0535397e-05,2.5606232e-05,3.439716e-05,4.5981506e-05,3.2209373e-05
1992-07-18 01:00:00,-0.00017159685,-0.0003767086,-0.0001777272,-1.9362975e-05,-4.1431013e-05,-5.2147348e-06,-1.8021008e-05,1.3300223e-06,5.108195e-06,2.149673e-06,0.00011498979,0.00018174965,0.00012053616,9.4902956e-05,0.00051420764,0.0005715899,0.00035900102,-0.00026344878,-6.254122e-07,5.074057e-05,5.687689e-07,3.6474994e-05,0.00013796767,4.7658454e-05,-2.7330563e-05,-0.00020982782,-0.00045254262,-0.00047142204,-0.0003992598,-0.00028817216,-0.0001759978,-5.5137865e-05,2.43591e-05,3.950187e-05,4.6593465e-05,4.923346e-05,2.7488815e-05
1992-07-18 02:00:00,-0.00028435412,-0.0005319322,-0.00020521687,-4.0014893e-05,-2.6473677e-05,-1.3533209e-05,-1.079024e-05,5.129301e-06,4.752212e-07,9.436172e-06,0.00012801154,0.00031883398,0.00027751073,0.00014826082,0.00048703398,0.0006269248,0.00043487895,-8.102707e-05,5.749944e-05,6.612601e-05,1.6986647e-05,6.970622e-05,0.00014302721,2.704734e-05,-5.273742e-05,-0.00027289748,-0.000528131,-0.000537434,-0.0004799279,-0.00040562448,-0.0003073699,-0.00014936295,-2.4512228e-06,5.0223563e-05,4.5260756e-05,4.8147154e-05,2.6994972e-05
1992-07-18 03:00:00,-0.00033990602,-0.0005259414,-0.00020807146,-4.691382e-05,-2.3069197e-05,-1.9729165e-05,-7.91867e-06,1.060985e-05,-3.5441994e-06,2.0532212e-05,0.00012586065,0.00045307016,0.00045121138,0.00017979478,0.0004717962,0.0006691028,0.0005221678,0.00012217331,0.00012290347,9.497797e-05,4.8170594e-05,0.00012489717,0.00017250414,8.4700834e-05,-4.909886e-05,-0.00031668285,-0.0005550237,-0.0005629031,-0.0005183284,-0.0004923563,-0.00042382444,-0.00023390148,-3.423669e-05,6.2433624e-05,6.22823e-05,6.142912e-05,3.5463952e-05
1992-07-18 04:00:00,-0.00031839858,-0.0004343828,-0.00017542751,-5.4581134e-05,-3.4477656e-05,-2.61617e-05,-1.11664e-05,1.401689e-05,-2.739517e-07,1.24154e-05,9.904257e-05,0.00055072224,0.0005757808,0.000175824,0.00045132698,0.00065889524,0.00057571335,0.00027240324,0.00017793667,0.00014925447,8.630978e-05,0.00016010384,0.00019020823,8.729563e-05,-0.00010065186,-0.0003810748,-0.00059544033,-0.0006256203,-0.0005742324,-0.0005368414,-0.00045782226,-0.00025095406,-3.706601e-05,6.6890396e-05,6.1308354e-05,5.6918187e-05,2.7330207e-05
1992-07-18 05:00:00,-0.00030902447,-0.0002995701,-0.00017898402,-7.363921e-05,-2.7625974e-05,-1.892048e-05,-1.4462836e-05,1.0974987e-05,2.6930036e-06,3.7551017e-06,5.1078212e-05,0.0005311201,0.00061647315,0.00016209885,0.00044714447,0.0006816222,0.0006275677,0.00038629683,0.00025457432,0.00019587851,0.00012967354,0.00013910279,0.00015252613,-3.5917183e-06,-0.00021569329,-0.00046710286,-0.0006380021,-0.00068552286,-0.0006160134,-0.00054008164,-0.00044976632,-0.00026304627,-5.6411533e-05,6.813589e-05,8.748391e-05,7.510841e-05,3.2049742e-05
1992-07-18 06:00:00,-0.00026877044,-0.00024338956,-0.00017354832,-9.1658796e-05,-3.3560915e-05,-1.8437939e-05,-1.4144256e-05,6.4992123e-06,5.287872e-06,2.1945607e-06,-9.065062e-06,0.0004730463,0.0006334529,0.00016531121,0.00041924216,0.0006739054,0.00068776327,0.0004951983,0.00033460863,0.00022952199,0.00013670907,7.5883465e-05,3.1646523e-05,-0.00014215257,-0.00036779934,-0.0005630044,-0.0007005455,-0.0007117552,-0.0006024292,-0.00049566163,-0.00041622977,-0.000266683,-8.0374135e-05,5.8154143e-05,9.831742e-05,9.001598e-05,4.0611103e-05
1992-07-18 07:00:00,-0.00025003156,-0.00021741359,-0.0001774699,-0.00013334266,-8.174743e-05,-2.107182e-06,-1.05858835e-05,2.8258369e-06,2.7333424e-06,-4.4191693e-06,-6.983796e-05,0.00042707694,0.00059983507,0.00012873788,0.00041548337,0.0006637521,0.0007675746,0.00056045747,0.0004147085,0.00026652045,6.361195e-05,-2.021197e-05,-0.00012858876,-0.0003174161,-0.00048470183,-0.00062800583,-0.0007393656,-0.0007074063,-0.000585757,-0.00046665856,-0.0003791468,-0.00024639058,-7.9200094e-05,5.0990115e-05,0.0001014298,0.00010111043,4.8503294e-05
1992-07-18 08:00:00,-0.00029459674,-0.00024715593,-0.00019166074,-0.0001526004,-9.190332e-05,-1.04571745e-05,-1.1711553e-05,-2.3847024e-06,-6.443185e-06,-1.2180511e-05,-9.363368e-05,0.00039432643,0.00046286907,9.565198e-05,0.000347145,0.0005105236,0.0007083466,0.0005512216,0.00048164168,0.00027557407,-4.9148977e-05,-0.00010453162,-0.0002740426,-0.00044079596,-0.0005162384,-0.0006705128,-0.0007784801,-0.0007424712,-0.00063491584,-0.00049001595,-0.00037227955,-0.00023685623,-8.000365e-05,4.284051e-05,0.000108135006,0.000113979186,5.3580214e-05
1992-07-18 09:00:00,-0.000386693,-0.0003859238,-0.00023595133,-0.00013581327,-0.00011048959,-2.082279e-06,-7.116152e-06,-1.0063167e-05,-1.2268609e-05,-1.2627172e-05,-0.000120313794,0.00033222756,0.000303959,5.3658678e-05,0.0002811825,0.00037995807,0.0006019034,0.0004383028,0.00046710944,0.00023434752,-0.00010780261,-9.4194125e-05,-0.00031609548,-0.00046050886,-0.00055507326,-0.0007489135,-0.00080343825,-0.0007858465,-0.000706416,-0.00055313704,-0.00040763267,-0.0002588516,-0.00010159306,2.4984114e-05,0.00012653899,0.00014983481,7.9538826e-05
1992-07-18 10:00:00,-0.00040765438,-0.000438986,-0.0003185174,-8.850348e-05,-0.0001230353,-2.2987924e-05,-1.861389e-05,-1.9512636e-05,-1.550799e-05,-1.8353676e-06,-9.673358e-05,0.00019113786,9.130727e-05,-2.8896859e-05,-4.0371502e-05,-9.314942e-05,-9.411272e-05,-0.00071150356,-0.00022668466,-0.00023959682,-0.00030354905,-0.0003242374,-0.00069335074,-0.00089459575,-0.0010229535,-0.0010019576,-0.0009043682,-0.000891792,-0.00076924043,-0.0005488862,-0.00036985532,-0.00020421986,-3.6262274e-05,0.00010154703,0.0002345803,0.00023048595,0.00010146773
1992-07-18 11:00:00,-0.00054454524,-0.00047219422,-0.0003041779,-8.362754e-05,-0.00012645235,-2.8789977e-05,-1.20408495e-05,-1.8819177e-05,-1.8929224e-05,1.1583952e-05,-2.7239916e-05,0.00017663967,6.203264e-05,6.181904e-05,2.1325966e-05,-0.00012153121,-0.00014989168,-0.00090707734,-0.00047367328,-0.0004258592,-0.00037113205,-0.00040263665,-0.00070645864,-0.00087155553,-0.001035569,-0.0009821969,-0.0009011683,-0.00088912656,-0.0007233741,-0.0005211225,-0.00040826143,-0.0002677656,-5.7923724e-05,0.00013979565,0.00029217327,0.00027376952,0.00013373217
1992-07-18 12:00:00,-0.00053473504,-0.00048244296,-0.00019130943,-7.573054e-05,-0.00012914129,-6.621743e-05,-2.2726108e-05,-1.8997263e-05,-1.7387434e-05,2.7956066e-05,9.958603e-08,0.00015386575,6.4501946e-05,0.0001783837,1.2088058e-06,-0.00024282033,-0.00038147226,-0.001294561,-0.0009521124,-0.00079145515,-0.0006699117,-0.00061005435,-0.0008036321,-0.00092451455,-0.0010830158,-0.0010117459,-0.00097331713,-0.0009333509,-0.00073754904,-0.0005500322,-0.00045643075,-0.00030167645,-5.3820593e-05,0.00016093231,0.0003286206,0.00031755815,0.00016516059
1992-07-18 13:00:00,-0.0005662387,-0.00046589988,-0.00019069585,-0.00011356811,-0.00013470132,-9.953054e-05,-3.1469015e-05,-2.7641778e-05,-2.0102681e-05,2.454814e-05,-9.952899e-06,0.00012047787,8.777111e-05,0.00026912935,-3.2343123e-06,-0.0003408978,-0.00064063794,-0.0015921993,-0.0015657765,-0.0013022757,-0.0010660094,-0.0009411868,-0.0009450099,-0.0009994137,-0.0011574846,-0.0010998882,-0.0010657401,-0.0009635386,-0.0007267483,-0.0005217426,-0.0003790629,-0.00015577002,0.00011069524,0.00029110274,0.00038410915,0.0003082054,0.00016690891
1992-07-18 14:00:00,-0.0005726627,-0.0005152024,-0.00023777585,-0.00012167712,-0.00014395034,-0.00013201378,-4.249179e-05,-3.0272175e-05,-2.1959871e-05,-9.213898e-06,-2.9481504e-05,0.00010571949,0.00014263348,0.00034553022,6.124907e-05,-0.0002682575,-0.0006651734,-0.0015746146,-0.0018639665,-0.0016978784,-0.001407861,-0.0011813771,-0.0010756243,-0.0011019642,-0.001279213,-0.001241122,-0.0011830006,-0.0010374454,-0.00076320255,-0.0005010824,-0.00028578792,-4.2122556e-06,0.0002812785,0.00039278172,0.00040045867,0.00031199775,0.00018362931
1992-07-18 15:00:00,-0.0006458695,-0.0005782101,-0.0002880093,-0.000120366996,-0.00014467807,-0.00014788647,-4.4891472e-05,-2.8042625e-05,-1.8228386e-05,-1.8024592e-05,-5.4005177e-06,0.00010737147,0.00023038394,0.00039841986,0.0001315702,-3.6784244e-05,-0.0004893837,-0.0014044493,-0.0019985945,-0.0020834107,-0.0016630932,-0.0013290128,-0.0011727961,-0.0012252817,-0.0013878256,-0.0013343528,-0.0011865583,-0.000984912,-0.0006856442,-0.0003807356,-6.4931606e-05,0.00026457693,0.00047869037,0.0005079737,0.00046807493,0.0003518606,0.00020762702
1992-07-18 16:00:00,-0.00068620814,-0.00060962053,-0.00026718207,-9.219684e-05,-0.00013921334,-0.00013625844,-4.360471e-05,-2.5888241e-05,-1.5496309e-05,-1.5888458e-05,1.8131253e-05,8.7324326e-05,0.00033427915,0.00042469104,0.00016436342,0.0002055054,-0.00022536138,-0.0012735974,-0.0022721898,-0.0024487907,-0.0018787234,-0.0013824505,-0.00126415,-0.0013971219,-0.0014498064,-0.0013860178,-0.0011670045,-0.00092513225,-0.0006219653,-0.00027856894,0.00011958745,0.00042255095,0.0005410744,0.0005672172,0.0004950852,0.0003415192,0.00019285256
1992-07-18 17:00:00,-0.0007350231,-0.00066987856,-0.00028161012,-8.522917e-05,-0.0001688466,-0.00012216064,-3.217489e-05,-2.6981006e-05,-2.2584687e-05,-2.12981e-05,2.6722122e-05,7.252823e-05,0.00042748437,0.0004356139,0.00015628623,0.00026007468,-2.2271997e-05,-0.0014040559,-0.0026966527,-0.0028199547,-0.002176301,-0.0016157366,-0.0014368778,-0.0015118478,-0.0015383713,-0.0015020161,-0.0011605044,-0.00088666636,-0.0005686139,-0.00022053185,0.00016605154,0.0004290744,0.0005308834,0.0005917731,0.00050208485,0.00035199488,0.00021085884
1992-07-18 18:00:00,-0.0007425204,-0.00079163176,-0.00032815326,-7.979218e-05,-0.00017829769,-0.00012048866,-3.793474e-05,-3.566418e-05,-3.24398e-05,-1.4339308e-05,5.3353506e-05,5.4434488e-05,0.0005360747,0.0004473558,0.00014637958,0.00020193233,0.00013853039,-0.0016923435,-0.0032916686,-0.0030347425,-0.002570492,-0.0020360202,-0.0017217416,-0.0016772763,-0.0017089302,-0.0016376353,-0.0011564286,-0.000870485,-0.00056712574,-0.00019616091,0.00019008873,0.00040182658,0.00050081045,0.0005685369,0.00046981283,0.0003035871,0.00018980265
1992-07-18 19:00:00,-0.0008214951,-0.00096709793,-0.0003646944,-7.3106596e-05,-0.00014396057,-0.00013123159,-5.595602e-05,-4.4970177e-05,-4.1141007e-05,9.598851e-06,8.388082e-05,3.8277958e-05,0.0005631544,0.00046791398,0.00016170429,0.00016483641,0.0002787941,-0.0015188882,-0.0033481722,-0.003062456,-0.0027512491,-0.0023301002,-0.0019207196,-0.0017736559,-0.0018014172,-0.001586381,-0.0010496101,-0.00078186265,-0.0005156972,-0.00018497976,0.00014815979,0.00033336398,0.00045796594,0.0005321687,0.0004527625,0.00028367157,0.00017646985
1992-07-18 20:00:00,-0.0007821083,-0.00089161156,-0.00033946027,-0.000121449426,-0.00014913276,-0.00017813925,-6.673537e-05,-6.567412e-05,-4.3090637e-05,8.318897e-06,8.641254e-05,1.6666607e-05,0.0005490236,0.0004900206,0.0001203828,6.4594555e-05,0.00021629944,-0.0016772051,-0.003515035,-0.0032450948,-0.0031328723,-0.0027233593,-0.0021921063,-0.0019365653,-0.0019131242,-0.001539923,-0.0010138815,-0.0008168395,-0.00061404414,-0.00028944138,5.899035e-05,0.0002806404,0.00042813862,0.0004788729,0.0003447668,0.00018744387,0.000114250855
1992-07-18 21:00:00,-0.00081582554,-0.00085231627,-0.00040997623,-0.00018267112,-0.00016628404,-0.00019564532,-9.208411e-05,-9.084094e-05,-3.4417324e-05,1.0277592e-05,7.874225e-05,1.8437402e-05,0.0005071374,0.0004741188,0.00010234207,-6.0967228e-05,3.2642973e-05,-0.0019221032,-0.0036342023,-0.0034695351,-0.0035019116,-0.003039023,-0.0022920757,-0.0019270813,-0.0018487726,-0.0014621344,-0.0010235673,-0.00087805814,-0.000669934,-0.00032122465,5.811866e-05,0.00032149928,0.00044884934,0.00037640132,0.0002115645,0.00012210247,0.00010838974
1992-07-18 22:00:00,-0.0011411188,-0.00086511974,-0.0005327923,-0.00022364272,-0.00020506833,-0.00019451711,-0.000120857694,-0.00014360333,-2.7611577e-05,-1.3806253e-05,9.654471e-05,6.31066e-06,0.00049145136,0.0005117882,0.00027360156,4.576461e-05,2.4625333e-06,-0.002074493,-0.003724229,-0.0038991724,-0.0040528933,-0.0033637364,-0.0022862165,-0.001878533,-0.001758193,-0.001412311,-0.0010137336,-0.0008893418,-0.0006667975,-0.00028557063,6.9222304e-05,0.00029907384,0.00038867423,0.00021717473,1.7274171e-05,-1.3813449e-05,1.0678559e-06
1992-07-18 23:00:00,-0.001342674,-0.00078051974,-0.00059933466,-0.00019450125,-0.00019979218,-0.0001748791,-0.00017277946,-0.00014906292,-3.926176e-05,-1.9840072e-05,0.00011324273,3.2115462e-05,0.00041551155,0.0005480078,0.00037838216,-5.2418443e-05,-0.0003491348,-0.0022484243,-0.0037296503,-0.0041584466,-0.0041730213,-0.0033120485,-0.0022137256,-0.0018147259,-0.0016506952,-0.0013150291,-0.0009454917,-0.00086405745,-0.00066705,-0.00024521528,0.00013564929,0.0003174574,0.00026265584,3.770407e-05,-2.4489826e-05,4.3873195e-05,6.0279614e-05
1992-07-19,-0.0011881065,-0.0005375954,-0.00045516406,-0.00021687057,-0.00022607535,-0.00020780094,-0.00020037056,-0.00015100857,-6.211681e-05,-3.640727e-05,0.00014467596,5.2782125e-05,0.00030650236,0.0005543714,0.00057625887,2.2982946e-05,-0.00052976387,-0.0020999415,-0.0035872394,-0.0040474455,-0.0038400188,-0.0030074257,-0.0020379627,-0.0017104032,-0.0015504169,-0.0011962067,-0.00086824934,-0.00078524364,-0.0005450258,-6.541835e-05,0.0002683595,0.00033657427,0.00019998627,3.2977754e-05,1.3393699e-05,0.00010092757,9.701309e-05
1992-07-19 01:00:00,-0.00096889475,-0.00047268113,-0.00041359826,-0.00032732758,-0.0002840577,-0.0002298129,-0.00021079523,-0.00016691357,-7.224243e-05,-4.6724548e-05,0.00016475323,8.361363e-05,0.00030191647,0.00048591814,0.00065093016,-3.2291166e-05,-0.0009066734,-0.0022461768,-0.0034751333,-0.0037167287,-0.0034195553,-0.0027938476,-0.0019685226,-0.0016296853,-0.0015633248,-0.001158118,-0.0007974473,-0.00070470094,-0.00043069632,0.00010648422,0.00048181292,0.000506528,0.000383093,0.00027679725,0.00026069177,0.00030079414,0.0001916411
1992-07-19 02:00:00,-0.00061332743,-0.00042434776,-0.00027372118,-0.0004193441,-0.00037214626,-0.00027052753,-0.00023321739,-0.00018579143,-7.291352e-05,-2.6339992e-05,0.00021224035,8.265767e-05,0.00025138815,0.0004050462,0.00068561186,4.1914172e-06,-0.0009314548,-0.0021515412,-0.003158087,-0.0031226263,-0.0027578613,-0.0022231543,-0.0017336295,-0.00157576,-0.001603917,-0.0011734515,-0.0007291123,-0.0005964043,-0.0002914933,0.00029269943,0.00069606164,0.00074764295,0.00064710446,0.00055928505,0.00054168195,0.0004894114,0.00024962577
1992-07-19 03:00:00,-0.00046247308,-0.00044302957,-0.00022386541,-0.0004586445,-0.0004279083,-0.00031146363,-0.00026518203,-0.00017176385,-8.92433e-05,-1.0064583e-05,0.00022110027,8.5378924e-05,0.00022118831,0.00028202668,0.0006420467,4.222116e-05,-0.0009561621,-0.0021472634,-0.0027352287,-0.0025449079,-0.0020477436,-0.0015837881,-0.0014804087,-0.0016438159,-0.0017117672,-0.0011864887,-0.00068061735,-0.00050254783,-0.00014412386,0.00045424807,0.0009039324,0.0010203463,0.0009916669,0.0009074673,0.00086580834,0.00065656035,0.00031726618
1992-07-19 04:00:00,-0.00037606864,-0.00047959888,-0.0002529246,-0.00058515085,-0.00061468896,-0.00040767598,-0.00029544468,-0.00018957593,-0.00012879478,-1.6249589e-05,0.00019773618,5.5838536e-05,0.00021681476,0.00027915975,0.0004613574,-0.00017249619,-0.0011968628,-0.0021262236,-0.001942768,-0.0017118277,-0.0012122766,-0.0010083793,-0.0012252865,-0.001668341,-0.0018122848,-0.0012362623,-0.00061701046,-0.0004012214,-3.3440447e-05,0.00053764926,0.0010706566,0.0013073788,0.0013089217,0.0012064182,0.0011475729,0.0009067219,0.00046761188
1992-07-19 05:00:00,-0.00013514518,-0.0005314463,-0.00028392818,-0.00071243476,-0.0007869053,-0.00046281272,-0.00032072567,-0.00022084243,-0.00015591033,-2.2343198e-05,0.00019267356,2.5890666e-05,0.00025825642,0.00030594983,0.00034454494,-0.00024238974,-0.001239832,-0.0021694666,-0.0013841174,-0.0009980898,-0.0007001557,-0.0006624114,-0.0009811921,-0.0015850081,-0.0018514202,-0.0013316439,-0.00053390284,-0.00019428995,0.00025524572,0.0008319016,0.0014210279,0.001728225,0.0016542757,0.0014579606,0.0014013646,0.001061671,0.0004866576
1992-07-19 06:00:00,-2.1083222e-05,-0.00060397224,-0.00026736147,-0.00072241714,-0.0007812032,-0.00043583853,-0.00036224182,-0.00023812751,-0.00014065654,-1.5614827e-05,0.00015580551,1.9913758e-05,0.00024693582,0.0003292769,0.00023019157,-0.0003901684,-0.0011116245,-0.0022379518,-0.00090055703,-0.00041155372,-0.00024394026,-0.00037951724,-0.00087431347,-0.0016346142,-0.0019496055,-0.0013826101,-0.000335398,0.00011400884,0.0006065033,0.0012386498,0.0018668771,0.0022179065,0.0021572313,0.0019046133,0.0017472567,0.0012111252,0.000572933
1992-07-19 07:00:00,7.240847e-05,-0.00067928433,-0.0002767876,-0.00066263345,-0.0007469916,-0.00043811923,-0.000382217,-0.00022352432,-0.00012086801,-1.2884073e-05,0.00012334045,2.5645415e-05,0.0002540796,0.00027358072,2.7478789e-05,-0.0007790278,-0.0010640377,-0.0022270258,-0.0006045671,-0.00013131998,4.486827e-05,-0.00034912862,-0.0009929038,-0.0017739513,-0.0021582097,-0.0015761971,-0.0003060918,0.00024362945,0.0008365201,0.0016176617,0.002283459,0.0026157624,0.0025957448,0.0023691673,0.002116659,0.0014112254,0.00062783324
1992-07-19 08:00:00,-0.000101547485,-0.0007006527,-0.00032208304,-0.00066245266,-0.00079043343,-0.00050474535,-0.00040208665,-0.0002119263,-0.00012919302,-2.171474e-05,8.977313e-05,2.8606766e-05,0.00023284728,0.00012576368,-0.0002646203,-0.0012206144,-0.0010409316,-0.0016952903,-0.00020274404,0.00022064315,0.0003289372,-0.00033143576,-0.0011516414,-0.0019676005,-0.0023398197,-0.0017359497,-0.0004525379,0.00013860781,0.0008446004,0.0017998611,0.0025331425,0.00289202,0.0029968433,0.002913042,0.0024395443,0.0015798593,0.00073463965
1992-07-19 09:00:00,-0.0004924427,-0.0006956823,-0.000376359,-0.00068624906,-0.0008527572,-0.000570105,-0.00040890457,-0.00023211821,-0.00013365922,-4.191668e-05,0.00011312371,3.2327305e-05,0.00024558225,0.00016654885,-0.0003562132,-0.0016393077,-0.0012623217,-0.0013816255,-3.611343e-05,0.0003586684,0.0004530314,-0.0003372985,-0.0012473823,-0.0020084274,-0.0023249697,-0.0019441172,-0.0008494502,-0.00025984866,0.0005956952,0.0016929919,0.0025413467,0.0030097147,0.003348914,0.0033499617,0.0026166055,0.0016860237,0.0007695561
1992-07-19 10:00:00,-0.00078176067,-0.0006304788,-0.00041525927,-0.00075852056,-0.0009103838,-0.00058369886,-0.00044270908,-0.0002548896,-0.00010989879,-2.9397277e-05,0.00013065395,3.7867125e-05,0.00028769608,0.00028382058,-0.00021872623,-0.0017933759,-0.0016189032,-0.0015106384,-0.00012419379,0.00030881836,0.00032994588,-0.00048007848,-0.0013959705,-0.00224394,-0.0027840962,-0.0028502608,-0.0020436533,-0.0013470969,-0.00023694284,0.0010887152,0.0020672719,0.0025765325,0.0030081088,0.0032339361,0.0026946005,0.0018064352,0.00074205216
1992-07-19 11:00:00,-0.00093814405,-0.0008361045,-0.00059654727,-0.0008647644,-0.001036684,-0.00062886527,-0.00048023963,-0.00027732682,-9.810716e-05,-3.3393775e-05,0.00013748748,2.0719095e-05,0.00028056378,0.0003398233,-0.00041573518,-0.002035148,-0.0017852917,-0.0012767971,-1.8891675e-05,1.3335346e-05,-0.00033069274,-0.0009740171,-0.0019007982,-0.002559085,-0.003052019,-0.0034160977,-0.0030879653,-0.0025232746,-0.0014713937,-0.0002217018,0.0006191958,0.0011885116,0.0018048385,0.0023860303,0.0022641178,0.001675803,0.0007334877
1992-07-19 12:00:00,-0.0014409521,-0.0010555817,-0.0006852879,-0.0010282607,-0.0012947896,-0.00079585507,-0.00050327857,-0.00027139595,-9.7950186e-05,-3.716135e-05,0.00010839184,-4.194601e-06,0.00025662544,0.0003907862,-0.00053594593,-0.0022791065,-0.002091413,-0.0014738704,-0.0001278376,-0.00031197528,-0.0011464455,-0.0016961463,-0.0024056425,-0.0027506934,-0.0030706222,-0.0036901769,-0.00372067,-0.0032206636,-0.0023049586,-0.001369161,-0.0007663472,-0.00036109387,8.736589e-05,0.00095277256,0.0013836944,0.001206111,0.0005671767
1992-07-19 13:00:00,-0.00207465,-0.0013914134,-0.00081832294,-0.0012679619,-0.0014354654,-0.0008842953,-0.00050685834,-0.00029486517,-9.082594e-05,-3.8081784e-05,5.9967002e-05,-3.1920034e-05,0.00024188166,0.0004318012,-0.0005113424,-0.0023449883,-0.002157967,-0.001473214,-0.00029026426,-0.0006782297,-0.0016605686,-0.002194468,-0.0026286629,-0.0028165774,-0.0031631035,-0.0038291735,-0.00418476,-0.003897021,-0.0031870888,-0.0023043083,-0.0018394729,-0.001758472,-0.0013908602,-0.00040603304,0.00041884757,0.0004715622,0.00019597835
1992-07-19 14:00:00,-0.0022546505,-0.0017222457,-0.00086697936,-0.0013929151,-0.0015502231,-0.0010754253,-0.0005190481,-0.00029482378,-9.472709e-05,-2.8210052e-05,2.3914461e-05,-3.373903e-05,0.00024369296,0.00034668192,-0.00057700323,-0.0023029624,-0.0023323472,-0.0015811885,-0.00074068224,-0.0011365933,-0.0021686496,-0.002621452,-0.0027742013,-0.002750212,-0.0031514044,-0.0038412353,-0.004475238,-0.004367164,-0.0038099051,-0.003061031,-0.0026998683,-0.0026171468,-0.0022286836,-0.0012674533,-0.00036056413,-0.00012475906,-0.00010467086
1992-07-19 15:00:00,-0.0021844162,-0.0018387123,-0.0008087244,-0.0014468232,-0.0016123578,-0.0011135894,-0.00051857886,-0.00030081143,-6.8646936e-05,-3.1325377e-05,1.0808086e-05,-2.0490821e-05,0.00022541723,0.00021514358,-0.000617051,-0.002186552,-0.0023591584,-0.001811647,-0.0010752663,-0.0013802086,-0.002470276,-0.0029411993,-0.0027764938,-0.0026030065,-0.0031816573,-0.0038602306,-0.004603605,-0.0046347687,-0.0041623386,-0.0034760707,-0.0031255693,-0.003011237,-0.0026564403,-0.0017635872,-0.0007852402,-0.0004150477,-0.0002539076
1992-07-19 16:00:00,-0.0019932839,-0.002025752,-0.0007957665,-0.0013911064,-0.0014469374,-0.0010407072,-0.0005596952,-0.0002955937,-5.9259713e-05,-3.520617e-05,4.632493e-06,-1.5033779e-05,0.00015930191,0.00010341684,-0.0006006705,-0.0021054456,-0.0022653441,-0.0017607858,-0.0011201992,-0.0013454738,-0.0025596295,-0.003031958,-0.0028057199,-0.0025611306,-0.0030427226,-0.0036788937,-0.0046014315,-0.004786366,-0.0043843817,-0.003651447,-0.0032235198,-0.0031288113,-0.0028810739,-0.0021368996,-0.0011576844,-0.0006384136,-0.00038196525
1992-07-19 17:00:00,-0.0016696462,-0.0020484058,-0.00088554027,-0.0014147256,-0.0014245596,-0.0010099842,-0.00055043306,-0.00028532612,-6.459493e-05,-3.8258535e-05,-4.344707e-06,-1.0206105e-05,4.1153e-05,2.0751053e-05,-0.0005546453,-0.0018866439,-0.0019849315,-0.0018417332,-0.0013194096,-0.0015873378,-0.0026852414,-0.003107084,-0.0028726417,-0.0026372178,-0.0030998643,-0.0035280024,-0.0043244204,-0.004580867,-0.004310542,-0.0036891738,-0.00315417,-0.002909761,-0.0027061542,-0.0021465376,-0.001316873,-0.00079335517,-0.0004608949
1992-07-19 18:00:00,-0.0014938805,-0.0019971998,-0.001073926,-0.0014981353,-0.0013713966,-0.0009690186,-0.0005522552,-0.00027212594,-7.415177e-05,-3.9125774e-05,-2.461451e-06,-1.7571823e-05,-6.619908e-05,-8.685599e-05,-0.0006443202,-0.0016739581,-0.0017267405,-0.0017419774,-0.0015447572,-0.0018815747,-0.0026691195,-0.0028493267,-0.0027257458,-0.0026991363,-0.0031870329,-0.0033581215,-0.003860642,-0.0041219452,-0.0040354724,-0.0036369516,-0.003113837,-0.0027779455,-0.002516683,-0.002066105,-0.0013463201,-0.0007872764,-0.0004260194
1992-07-19 19:00:00,-0.001286693,-0.0019878205,-0.0013509342,-0.0015774581,-0.0012593637,-0.0008875965,-0.0005938235,-0.0002853117,-9.113955e-05,-4.9529615e-05,5.2362866e-06,-9.386379e-06,-0.00010673293,-0.00018064136,-0.00082364085,-0.0016868154,-0.0016358336,-0.0018812553,-0.0019161464,-0.0022098434,-0.0026846551,-0.0027519253,-0.0026614887,-0.0027385652,-0.0031827101,-0.0032085436,-0.0034807995,-0.0036850343,-0.0037109796,-0.0034198905,-0.0029082734,-0.0025396368,-0.0022840744,-0.001874749,-0.0012319398,-0.00070986553,-0.0004264165
1992-07-19 20:00:00,-0.0012090136,-0.0020270676,-0.0016372884,-0.0015996286,-0.001168605,-0.0008050911,-0.0006797597,-0.00032622166,-0.000106878935,-4.966225e-05,2.2263725e-05,-1.2766753e-05,-0.00014584562,-0.0002996371,-0.0009946547,-0.0016963885,-0.0016326763,-0.0019994008,-0.0022350657,-0.0023282503,-0.002451449,-0.0023742453,-0.0024684956,-0.0026568905,-0.003055562,-0.0030221986,-0.0031782482,-0.0033430308,-0.003447604,-0.0032694493,-0.0028344968,-0.002465306,-0.0021848925,-0.0017840744,-0.0011581661,-0.0006659211,-0.0004212901
1992-07-19 21:00:00,-0.0019114305,-0.0022019667,-0.0020174326,-0.0018365041,-0.0012586914,-0.000822374,-0.0007601514,-0.00032641512,-0.00011390509,-4.1392355e-05,2.1220552e-05,-9.04621e-06,-0.00019618185,-0.00037268322,-0.0010692964,-0.0017313344,-0.0016615319,-0.0019257388,-0.0023923754,-0.0024656914,-0.0019892117,-0.001986957,-0.0022243538,-0.0025257494,-0.0029066564,-0.0028150566,-0.0028847218,-0.002997036,-0.003118847,-0.0030484274,-0.0026944252,-0.0023055302,-0.0020057196,-0.0016720402,-0.0011018462,-0.00061893335,-0.00041913503
1992-07-19 22:00:00,-0.0027476768,-0.002428819,-0.002312481,-0.0019347058,-0.001277186,-0.00078879064,-0.0007019347,-0.00028288006,-0.00010213913,-2.2603701e-05,2.1765656e-05,6.9924267e-06,-0.00022334975,-0.00045430026,-0.001138405,-0.0016355537,-0.0014214786,-0.001715347,-0.00246981,-0.0024956316,-0.0018420389,-0.0018849289,-0.0023112376,-0.0028676037,-0.0031682265,-0.0029573992,-0.0029293036,-0.002956771,-0.003028345,-0.0030132253,-0.0027791439,-0.0023671926,-0.0020104554,-0.0015920475,-0.0011450262,-0.0006966418,-0.0005307121
1992-07-19 23:00:00,-0.003221244,-0.0025997274,-0.002613657,-0.0020963636,-0.0013583633,-0.0008014955,-0.00069552276,-0.00025597896,-0.000120175726,-3.0531133e-05,3.317855e-05,1.5391615e-05,-0.00025959205,-0.0005195793,-0.0011770596,-0.0016142575,-0.0014576857,-0.0015927287,-0.0024394353,-0.0020761099,-0.0013407079,-0.0014140299,-0.0020007952,-0.0025926295,-0.0027516494,-0.0025227647,-0.002514806,-0.0026181184,-0.0027815837,-0.0028679867,-0.002714282,-0.0023804938,-0.002026852,-0.0015697575,-0.0011028739,-0.0006269341,-0.00047039136
1992-07-20,-0.002630428,-0.0025019678,-0.0027471632,-0.0020872024,-0.0014149948,-0.0007829286,-0.0006219251,-0.0002467756,-0.00010117346,-2.6564208e-05,3.507371e-05,3.289217e-05,-0.00022845052,-0.0005174244,-0.0011999425,-0.0016813056,-0.0015885246,-0.0016747741,-0.0024261598,-0.0020659715,-0.0012584456,-0.0011888581,-0.0017485103,-0.0022195552,-0.0022681144,-0.0020965217,-0.0021054435,-0.0022426995,-0.0024866275,-0.002668627,-0.0025540618,-0.0022281199,-0.001798447,-0.0013585347,-0.0010173911,-0.0006208694,-0.00047619495
1992-07-20 01:00:00,-0.0022943388,-0.002339092,-0.0025388072,-0.0019068873,-0.0013205442,-0.0007555726,-0.000593095,-0.0002411979,-8.3308085e-05,-2.1515712e-05,3.2225802e-05,2.1523607e-05,-0.00019378816,-0.0004871568,-0.0011227138,-0.0016670895,-0.0017819983,-0.0016894927,-0.0023812326,-0.0020301894,-0.0011188976,-0.0010398165,-0.0014795889,-0.0018631017,-0.0018643802,-0.0016523099,-0.0017052726,-0.0018691756,-0.0021342975,-0.0023858526,-0.0023640713,-0.002001626,-0.0014891394,-0.0010652159,-0.0008336014,-0.0005511065,-0.00046492578
1992-07-20 02:00:00,-0.0016998856,-0.0018520352,-0.0021831817,-0.0016699592,-0.0011931092,-0.0007552221,-0.00048666442,-0.00021503822,-8.038226e-05,-2.3540983e-05,2.2942735e-05,2.0900492e-05,-0.0001569682,-0.0004100111,-0.00096797984,-0.00162372,-0.0019467515,-0.0018353912,-0.0021997571,-0.0018637372,-0.0010339656,-0.00084690744,-0.0012289949,-0.0015329806,-0.0014840321,-0.0013001439,-0.0014106988,-0.0015697988,-0.0018252386,-0.0020172815,-0.0019399477,-0.0015274875,-0.0009552004,-0.000626838,-0.00052828185,-0.000319509,-0.00030717606
1992-07-20 03:00:00,-0.0012750931,-0.0014392759,-0.0016655149,-0.0013899053,-0.0010257938,-0.000770077,-0.00043027173,-0.00021542926,-9.57445e-05,-3.8347916e-05,1.6094198e-05,2.459683e-05,-0.00012769623,-0.00034020262,-0.00084707455,-0.0015937538,-0.002057469,-0.0021675488,-0.0019912284,-0.0016269437,-0.00094913476,-0.00075155415,-0.001062262,-0.0012647173,-0.0011998483,-0.0010858818,-0.0011668997,-0.0012695983,-0.0014834749,-0.0016728292,-0.0016491532,-0.0012483001,-0.00060347305,-0.00027371937,-0.00033646377,-0.00024907285,-0.00028541885
1992-07-20 04:00:00,-0.0008802508,-0.0012473164,-0.0013537908,-0.0012020131,-0.00096920866,-0.00092227303,-0.00045885093,-0.0002328762,-0.000106743035,-4.2863474e-05,2.8870687e-05,3.1891803e-05,-8.7206296e-05,-0.00025530945,-0.00068501954,-0.0014080575,-0.0019624163,-0.0023391035,-0.001815021,-0.001345123,-0.00091833225,-0.0008531082,-0.00095195684,-0.0009940041,-0.00093844597,-0.0008640681,-0.0008518966,-0.0008698807,-0.0010146792,-0.0011865571,-0.0011941097,-0.00083611597,-0.00017886209,6.7310175e-05,-6.361857e-05,-6.123507e-05,-0.00015491534
1992-07-20 05:00:00,-0.0003605476,-0.0012273202,-0.0014610774,-0.001535242,-0.0012039534,-0.001218293,-0.0005167975,-0.00029431062,-0.000104301595,-4.362219e-05,3.9662486e-05,3.8362337e-05,-6.852437e-05,-0.0001664073,-0.0005072966,-0.0011110277,-0.0016759487,-0.0020906979,-0.0013659727,-0.00089934445,-0.0007563332,-0.00086128834,-0.0008410717,-0.0007810397,-0.00072289776,-0.0006477358,-0.0005735536,-0.00052772387,-0.00060219143,-0.0007297164,-0.0007359839,-0.0004235932,0.00013105618,0.00025404085,2.2812834e-05,-6.776923e-05,-0.00016025531
1992-07-20 06:00:00,3.61389e-05,-0.0012226128,-0.0015760211,-0.0017501924,-0.0014132615,-0.0014367243,-0.0005483304,-0.00034440344,-0.00010009842,-4.104866e-05,5.442682e-05,4.8188158e-05,-5.215891e-05,-0.00011535857,-0.00038864822,-0.0009161573,-0.0014458734,-0.0019086405,-0.0012509277,-0.0007067578,-0.0007135094,-0.00093625864,-0.00080271676,-0.0005697601,-0.0005240999,-0.0004894491,-0.0003793931,-0.0003030303,-0.00032206677,-0.00041139108,-0.0003852126,-0.000108512,0.00037771274,0.0005339923,0.00028420487,0.00012247113,-1.689086e-05
1992-07-20 07:00:00,-1.8439678e-05,-0.0012471759,-0.0016393699,-0.0020693662,-0.001691039,-0.0016323533,-0.00058406807,-0.0003836231,-0.0001233758,-3.986634e-05,6.3115585e-05,3.998899e-05,-1.6802413e-05,-8.978146e-05,-0.00033623946,-0.0008228923,-0.0013052255,-0.0016750502,-0.0011876861,-0.00072598446,-0.00073353096,-0.0009890784,-0.0007535642,-0.00042556965,-0.00034147946,-0.00030639407,-0.00023805769,-0.00013382836,-9.321624e-05,-0.00016161334,-0.00012819152,0.00014468096,0.00055844564,0.0007027102,0.00044838127,0.00014656596,-1.9144296e-05
1992-07-20 08:00:00,-0.00021083186,-0.0014096221,-0.0018538289,-0.0022995505,-0.0019250249,-0.0017033713,-0.0006376809,-0.0004014864,-0.00014109662,-2.2601593e-05,5.1020023e-05,2.726232e-05,-2.1848432e-06,-8.117761e-05,-0.0003094762,-0.00078939064,-0.0012846193,-0.0015400876,-0.0010704164,-0.00076229946,-0.0007837656,-0.0009630308,-0.0006798604,-0.0003516071,-0.00022042378,-0.00018782343,-0.00019216372,-7.363943e-05,-1.6182488e-05,-5.4386932e-05,-1.4164951e-05,0.0002307187,0.00062792574,0.0007705157,0.0005510928,0.00023528023,5.9512196e-05
1992-07-20 09:00:00,-0.000587814,-0.0015676322,-0.0018554652,-0.0021375322,-0.0018938165,-0.0016884725,-0.0006438462,-0.00037004094,-0.0001476763,-5.728318e-06,4.285879e-05,1.9690893e-05,4.7904296e-06,-5.7678175e-05,-0.00027528103,-0.0007978281,-0.0012904404,-0.0014728716,-0.001042154,-0.0008796657,-0.0009079407,-0.0009642956,-0.0006666562,-0.00028524263,-9.0981186e-05,-0.000115614486,-0.00019549456,-8.72799e-05,-4.1226467e-05,-3.9363273e-05,6.828045e-05,0.00033370464,0.00072169997,0.0008262402,0.00062210485,0.00026004564,6.831823e-05
1992-07-20 10:00:00,-0.0010135542,-0.0019799196,-0.0017082467,-0.0017806884,-0.0016225266,-0.0015231093,-0.0006072472,-0.0003247694,-0.00014122282,8.788305e-06,3.549005e-05,1.15870835e-05,-2.9449202e-06,-3.422993e-05,-0.00021769671,-0.00068796973,-0.0010918187,-0.001254034,-0.0009763056,-0.0008914099,-0.0009427074,-0.0010087426,-0.00081417133,-0.0004903045,-0.00022678514,-0.00024911782,-0.00033427344,-0.00024095362,-0.00020685472,-0.0001916052,-7.973382e-05,9.354534e-05,0.00046326342,0.0006575843,0.00052709936,0.00024961942,0.00010382022
1992-07-20 11:00:00,-0.00096647395,-0.0020370306,-0.0015593774,-0.0014230869,-0.0012166984,-0.0013548528,-0.00057748595,-0.00029467524,-0.00012864023,4.6058743e-05,1.5534386e-05,9.915796e-06,3.2015942e-06,-8.941214e-06,-0.00020892292,-0.0007085563,-0.0010526145,-0.0011641032,-0.0010259544,-0.001094388,-0.0010306207,-0.0009929057,-0.00083377876,-0.0005524267,-0.00024261558,-0.00028486416,-0.00044784904,-0.0003660292,-0.00035314853,-0.00036875546,-0.00027298127,-3.6689205e-05,0.0002607705,0.00037663113,0.00029422724,0.00011482084,2.8095223e-05
1992-07-20 12:00:00,-0.00089459505,-0.002200144,-0.001704467,-0.0013468422,-0.0011260272,-0.0012969162,-0.00055481243,-0.00027638595,-0.00014123623,6.18272e-05,-4.1161093e-07,6.965465e-07,1.1549754e-05,-2.2045002e-05,-0.0002377661,-0.00072068156,-0.00096263585,-0.0011123612,-0.0010497337,-0.0011588809,-0.0010517561,-0.00088170543,-0.0007008016,-0.0005324185,-0.00025615818,-0.00033271417,-0.00057576364,-0.00053870474,-0.0005764499,-0.0005989217,-0.000499527,-0.00023099304,9.620839e-05,0.00019826318,0.00015808115,5.904169e-05,1.2643839e-05
1992-07-20 13:00:00,-0.00087799656,-0.0021604442,-0.0018369546,-0.0013914543,-0.0011720401,-0.0012308157,-0.0005983754,-0.0002950247,-0.00014461152,5.8553946e-05,-8.857461e-06,-9.74423e-06,-1.2130722e-06,-3.3659395e-05,-0.00023002119,-0.00069064624,-0.00092667766,-0.0011041894,-0.0010603641,-0.0011431524,-0.0010232229,-0.00076583656,-0.0005953712,-0.0005248983,-0.00029850766,-0.00041510712,-0.0007031332,-0.0007282207,-0.0008285075,-0.00088238704,-0.000799046,-0.00051061413,-0.00015283393,-6.293735e-05,-0.00013383086,-0.00017549025,-0.00017868659
1992-07-20 14:00:00,-0.0011281646,-0.002118945,-0.0019605623,-0.0013903694,-0.0012416946,-0.0012607613,-0.000575377,-0.0002866882,-0.00013817221,4.0975232e-05,-2.245597e-07,-1.2749204e-05,-7.232731e-06,-4.960369e-05,-0.00020735788,-0.00064954377,-0.00086731557,-0.0011485118,-0.0011280188,-0.0011635869,-0.001034038,-0.0007347357,-0.0006128999,-0.0005872216,-0.00040321884,-0.00053654436,-0.0008436811,-0.0009360484,-0.0010751238,-0.0011762073,-0.0011483318,-0.0008659452,-0.00046831608,-0.00023329128,-0.00015497913,-5.3624797e-05,-5.2965042e-05
1992-07-20 15:00:00,-0.0014703516,-0.002166397,-0.0020663242,-0.0013076884,-0.0012324749,-0.0012470967,-0.0004931679,-0.0002593345,-0.00014134747,2.0309422e-05,1.2271072e-05,-1.5789987e-05,-1.9682248e-05,-6.2656e-05,-0.00017973184,-0.0006036687,-0.00081860716,-0.0013223474,-0.001351982,-0.0012389692,-0.001092775,-0.00077793334,-0.00070629385,-0.00067573786,-0.00052199926,-0.000685646,-0.0010117802,-0.001154903,-0.0012805245,-0.0013947261,-0.0013787232,-0.0011325281,-0.0008293954,-0.00060061755,-0.00044950802,-0.00022959872,-0.00020246752
1992-07-20 16:00:00,-0.0019077212,-0.0022189561,-0.0020954693,-0.0012670674,-0.0011414806,-0.001142768,-0.0004118002,-0.000244462,-0.0001527745,-4.2933698e-07,1.4017523e-05,-1.1467462e-05,-3.2933625e-05,-6.071128e-05,-0.00014143533,-0.0005213801,-0.00076252554,-0.0014908414,-0.0015960835,-0.0013169765,-0.00114771,-0.0008187722,-0.000750376,-0.00073379505,-0.0005945062,-0.0007535848,-0.0011542578,-0.00132081,-0.0013925994,-0.0014684242,-0.001479747,-0.0013159979,-0.0010467588,-0.0008031723,-0.0005477846,-0.00024216656,-0.0002120331
1992-07-20 17:00:00,-0.0021273342,-0.0023789757,-0.002265505,-0.0014526327,-0.0012408347,-0.0010770597,-0.0003901794,-0.000255808,-0.00015623175,-8.902484e-06,8.961295e-06,-2.0095933e-05,-6.12572e-05,-8.928786e-05,-0.00015538608,-0.00046710361,-0.00073041173,-0.001563221,-0.0017830259,-0.0014303831,-0.0012090275,-0.00088821346,-0.000796294,-0.0008201882,-0.00070313434,-0.0008391679,-0.0012704608,-0.0013977847,-0.001432828,-0.0014941713,-0.0015703912,-0.0014945192,-0.001242652,-0.0009884173,-0.000692384,-0.00031548762,-0.0002775034
1992-07-20 18:00:00,-0.0024336209,-0.002549543,-0.0024229148,-0.0016851429,-0.001395386,-0.0010398695,-0.00039559463,-0.00023384305,-0.00013653692,-1.442617e-05,5.192558e-06,-1.734548e-05,-7.9410696e-05,-0.00012367046,-0.00021974032,-0.0004638088,-0.00071424176,-0.0015050364,-0.0018865371,-0.0014753834,-0.0012194364,-0.0009863385,-0.00084794726,-0.00083059823,-0.0007552025,-0.00087522814,-0.0012617906,-0.0013192607,-0.0013644067,-0.001463571,-0.001601984,-0.0015783687,-0.0013561397,-0.0011004786,-0.0007805129,-0.00034943913,-0.00030071303
1992-07-20 19:00:00,-0.0027219122,-0.0026549608,-0.002510338,-0.0016871516,-0.0013742249,-0.0008838653,-0.00039880324,-0.00020270326,-0.00011272461,-1.8062878e-05,7.218401e-06,-9.47998e-06,-7.8399025e-05,-0.00013425105,-0.00026012247,-0.0004885147,-0.0006955859,-0.0014206611,-0.0018460685,-0.0014274284,-0.0011416571,-0.0010414919,-0.00091138104,-0.0008604961,-0.00083517324,-0.00094868086,-0.0012074277,-0.001222153,-0.0013213394,-0.0014777576,-0.0016528232,-0.001671172,-0.001499477,-0.0011973961,-0.0008009543,-0.00033290603,-0.0002957905
1992-07-20 20:00:00,-0.002885453,-0.0026688566,-0.002328989,-0.001506322,-0.0011967041,-0.00070365856,-0.00037556892,-0.00017206592,-9.627349e-05,-3.3158452e-05,1.0256923e-05,-5.5745295e-06,-7.954221e-05,-0.00014425983,-0.00032172914,-0.00056451943,-0.0007040985,-0.0013789313,-0.00174948,-0.0012961666,-0.0010236658,-0.0010719061,-0.0009869799,-0.0008849262,-0.0008850027,-0.0010075682,-0.001151063,-0.0011949732,-0.0013128939,-0.0014967805,-0.0017063853,-0.0017356449,-0.0015990044,-0.0013121809,-0.0008995599,-0.00039250997,-0.00035771384
1992-07-20 21:00:00,-0.0027147762,-0.0022719293,-0.0018831575,-0.0012532151,-0.0010240286,-0.0005862612,-0.00036495045,-0.00018555296,-9.5295334e-05,-4.184357e-05,6.544015e-06,-6.080538e-06,-8.373317e-05,-0.00014255586,-0.0003415168,-0.00058361946,-0.00068463804,-0.0013529321,-0.0016191315,-0.0011589715,-0.00087205326,-0.0009999897,-0.0010259358,-0.00092571985,-0.00091231416,-0.0010162875,-0.0011209844,-0.0012085049,-0.0013514382,-0.0015491227,-0.0017802867,-0.0018196082,-0.0016987775,-0.0014100971,-0.0009291166,-0.0003626511,-0.00032202882
1992-07-20 22:00:00,-0.0024729788,-0.0019398634,-0.0012869582,-0.0010131713,-0.00093919586,-0.0005222722,-0.00039623707,-0.00023583541,-8.547839e-05,-4.6651974e-05,-2.7032547e-07,-9.990662e-06,-9.2605536e-05,-0.0001730607,-0.00040937672,-0.00063914945,-0.00078232895,-0.0016268289,-0.0020567502,-0.0016960038,-0.0012628479,-0.0012190134,-0.0012305215,-0.0011288336,-0.0010929924,-0.0011658925,-0.0013250002,-0.0014064041,-0.0015202126,-0.0017110961,-0.0019071787,-0.0019199863,-0.0017726555,-0.0014697518,-0.0009814454,-0.00048884057,-0.00044282502
1992-07-20 23:00:00,-0.0020530443,-0.0016876401,-0.0011325849,-0.0010874844,-0.0010587107,-0.0005749217,-0.00039482527,-0.0002790377,-7.37852e-05,-3.7556783e-05,-4.2918764e-06,-1.5665111e-05,-9.534042e-05,-0.00017389678,-0.00037696635,-0.0005452193,-0.0007202315,-0.0015929261,-0.0020620164,-0.0018174873,-0.0012994439,-0.0011449754,-0.0011443864,-0.0010911466,-0.0010489009,-0.001147889,-0.0013768158,-0.001463449,-0.0015695817,-0.0017151989,-0.001877047,-0.0019331484,-0.0018160767,-0.0015196837,-0.0009850056,-0.0004079885,-0.00037097928
1992-07-21,-0.0017718817,-0.0018193086,-0.0012705692,-0.001365953,-0.0013698544,-0.000755102,-0.0004132051,-0.0002928335,-5.28534e-05,-3.778725e-05,-1.5388156e-05,-2.8262168e-05,-9.626834e-05,-0.00017325938,-0.00035132357,-0.0004837599,-0.0006800552,-0.0016051098,-0.0022037157,-0.0020354302,-0.0014237931,-0.0011414211,-0.0011008529,-0.0010933242,-0.0010494055,-0.0011802258,-0.0014552978,-0.0015301723,-0.0016168862,-0.0017493018,-0.0018914943,-0.0019965114,-0.0019305312,-0.0017090045,-0.0011861334,-0.00059024856,-0.00050811353
1992-07-21 01:00:00,-0.0017319849,-0.0018198274,-0.001353929,-0.001551049,-0.0016020885,-0.00093498256,-0.00039810286,-0.00028415956,-3.5033874e-05,-2.8442671e-05,-1.8753592e-05,-4.0756735e-05,-9.203391e-05,-0.0001639928,-0.00032184063,-0.0004193287,-0.00062221097,-0.0014383105,-0.0020578532,-0.0020363147,-0.0014435505,-0.0011187096,-0.001063982,-0.0010918078,-0.0010617779,-0.0011997239,-0.0014630259,-0.0015287243,-0.001593568,-0.001723009,-0.0018700805,-0.0019795278,-0.0019641707,-0.0017403862,-0.0011926496,-0.000558449,-0.0004697583
1992-07-21 02:00:00,-0.0017268513,-0.0018362536,-0.0012809157,-0.0013945857,-0.0015467613,-0.0009809621,-0.00035555632,-0.00025739838,-1.0058342e-05,-1.4830239e-05,-1.8815646e-05,-4.2075117e-05,-9.061572e-05,-0.00014662379,-0.00028039448,-0.0003440817,-0.00054430374,-0.0012334787,-0.0018658473,-0.0019418492,-0.0014600963,-0.0011547664,-0.0010596782,-0.0010895,-0.0010869497,-0.0012159592,-0.0014476135,-0.0015313518,-0.001598198,-0.0017117048,-0.0018527668,-0.0019507748,-0.001968558,-0.001740635,-0.0012092789,-0.0005974189,-0.00047910577
1992-07-21 03:00:00,-0.0014809652,-0.0016166167,-0.0011859555,-0.0011359953,-0.0013267319,-0.0009262247,-0.00030415476,-0.00023348613,-2.3816392e-07,-1.2742064e-05,-1.870302e-05,-3.5245772e-05,-9.376483e-05,-0.00014857814,-0.0002825681,-0.00035064042,-0.00055837375,-0.0011766374,-0.0018183999,-0.00198761,-0.0015612501,-0.0012893907,-0.0011182836,-0.0011172642,-0.001120765,-0.0012367647,-0.0014597394,-0.0015489458,-0.0016274878,-0.0017468946,-0.0018774832,-0.0019707463,-0.001977181,-0.0017554112,-0.0012876994,-0.00070442364,-0.00056218955
1992-07-21 04:00:00,-0.0011265369,-0.0014509031,-0.0010260158,-0.0010251377,-0.0012042336,-0.0008721755,-0.00028567843,-0.00022576418,4.3228283e-06,-2.3290977e-05,-3.1192656e-05,-3.642524e-05,-9.330752e-05,-0.00014675797,-0.00027509494,-0.00034628843,-0.000576603,-0.0011109443,-0.0017573688,-0.0019254686,-0.0015249402,-0.0013624707,-0.0011467125,-0.0011064438,-0.0011323524,-0.0012671795,-0.0015032495,-0.0015875573,-0.0016469525,-0.0017469426,-0.0018535045,-0.0019415531,-0.0019384682,-0.0017365043,-0.0012874998,-0.00068765436,-0.00054520305
1992-07-21 05:00:00,-0.0007865708,-0.0013299524,-0.001045508,-0.0010836408,-0.0012703608,-0.0008816851,-0.00029643252,-0.00021950604,-1.0990112e-05,-2.9560351e-05,-3.326781e-05,-3.3017088e-05,-7.289385e-05,-0.00013409698,-0.00025730356,-0.00033173076,-0.00060303503,-0.0010923567,-0.0016515628,-0.0017718275,-0.0013898375,-0.0013289852,-0.0011556873,-0.0010908959,-0.0011177268,-0.0012581397,-0.0015045329,-0.0016147428,-0.0016868747,-0.0017687919,-0.00184617,-0.0018968674,-0.0018556726,-0.0017016976,-0.0012966343,-0.00069360994,-0.0005574715
1992-07-21 06:00:00,-0.0007735123,-0.0012438963,-0.0010617455,-0.0012156111,-0.0013637322,-0.0008608609,-0.0003484402,-0.00022357574,-4.0871695e-05,-3.1247895e-05,-2.9303039e-05,-3.3619875e-05,-4.8726753e-05,-0.00011611977,-0.00023365923,-0.00031322567,-0.0006182874,-0.0011280521,-0.001411947,-0.0015646245,-0.0011530351,-0.0011839651,-0.0011319353,-0.0010755445,-0.0010870706,-0.0012083615,-0.0014708261,-0.0016121733,-0.0016961994,-0.0017591043,-0.0018369661,-0.0018621637,-0.001801887,-0.0016659844,-0.0012841186,-0.0006344974,-0.00048665373
1992-07-21 07:00:00,-0.0010346367,-0.0013962546,-0.0010957043,-0.0014225855,-0.0014941718,-0.00090374483,-0.00037737368,-0.00023668032,-4.9011196e-05,-2.408797e-05,-2.8710576e-05,-3.502629e-05,-3.1988813e-05,-9.376718e-05,-0.00020458944,-0.00027877424,-0.0005805572,-0.0012225744,-0.0011002662,-0.0013195513,-0.00082388637,-0.0008942281,-0.00095866626,-0.0009827032,-0.0010062837,-0.0011479064,-0.0014057894,-0.0015519126,-0.0016366262,-0.0017001189,-0.0018000549,-0.0018532376,-0.0018139182,-0.001710121,-0.001353393,-0.000695727,-0.0005295654
1992-07-21 08:00:00,-0.0013959331,-0.0017442198,-0.001173581,-0.0015992802,-0.0016480493,-0.0009301916,-0.00038863547,-0.00021254798,-5.7919642e-05,-7.5541775e-06,-2.4353836e-05,-3.4143697e-05,-2.5784095e-05,-7.418796e-05,-0.00019802505,-0.00027433777,-0.0005380808,-0.001364985,-0.000947464,-0.0010977827,-0.0006231301,-0.0006302294,-0.0007510484,-0.00089096243,-0.00097383145,-0.0011146453,-0.0013555839,-0.0014775887,-0.0015667115,-0.0016352526,-0.0017127104,-0.0017899437,-0.0017968036,-0.001750096,-0.0013802381,-0.0006990162,-0.000499574
1992-07-21 09:00:00,-0.0019405757,-0.0023178495,-0.0012150735,-0.0016041943,-0.0017290624,-0.00090113434,-0.00039057963,-0.00017949878,-6.2972555e-05,4.3744003e-06,-2.5190082e-05,-4.17654e-05,-3.0084142e-05,-6.056427e-05,-0.00016973433,-0.00023575289,-0.0004176854,-0.0012865925,-0.00092474546,-0.0007831185,-0.0004530762,-0.00037199003,-0.00048157808,-0.00067430845,-0.00084072544,-0.001018261,-0.0012469229,-0.0013500302,-0.0014374362,-0.0015043499,-0.0015726354,-0.0016612691,-0.0016907933,-0.001712037,-0.0013511374,-0.00065809576,-0.00045430398
1992-07-21 10:00:00,-0.0024743387,-0.0028292923,-0.0014483996,-0.0016750465,-0.0017696049,-0.00087749027,-0.00042989536,-0.00016101578,-6.337503e-05,2.5246232e-05,-1.8160357e-05,-3.769218e-05,-3.4840585e-05,-4.6350433e-05,-0.00013386921,-0.00018548765,-0.00030344725,-0.0009390567,-0.00072150014,-0.00026068365,-0.00013912606,-0.0001141266,-0.0003003469,-0.00054685294,-0.0007883,-0.0009886484,-0.0011651799,-0.0012532142,-0.0013399862,-0.0013918356,-0.0014409613,-0.0015077846,-0.0015373519,-0.001634319,-0.0013032288,-0.0006454035,-0.00043960672
1992-07-21 11:00:00,-0.0030334909,-0.0032650637,-0.001838527,-0.0017683891,-0.0018271334,-0.00092549936,-0.00044855213,-0.00012711494,-5.3680713e-05,2.3344171e-05,-2.2308604e-05,-3.2460404e-05,-5.6472592e-05,-5.1595976e-05,-0.00011586463,-0.00014266634,-0.00020450563,-0.00070540066,-0.0007459458,-5.1236304e-05,0.000105916675,0.00013754398,-5.562305e-05,-0.00026991917,-0.0005633465,-0.0007939092,-0.0010016719,-0.0011206921,-0.0012402112,-0.0013140936,-0.0013694777,-0.0014121223,-0.0014085793,-0.0015072202,-0.0012444848,-0.00059966,-0.00038582605
1992-07-21 12:00:00,-0.0029467707,-0.003361371,-0.0022934638,-0.0019898103,-0.0019025432,-0.0009916812,-0.0004161319,-9.92828e-05,-6.719811e-05,-1.2769115e-06,-1.7950868e-05,-2.7587468e-05,-6.658229e-05,-5.554832e-05,-9.979144e-05,-0.000116181494,-0.0001605099,-0.0004917289,-0.00067837327,8.998295e-05,0.0002971966,0.00030873079,0.00012496806,-6.2005995e-05,-0.00035332856,-0.00060304574,-0.00086131645,-0.0010352153,-0.001173744,-0.0012505925,-0.0013200232,-0.0013606146,-0.0013316339,-0.001439967,-0.00127278,-0.00068485487,-0.00047911122
1992-07-21 13:00:00,-0.0017874143,-0.002989126,-0.002744303,-0.0020786044,-0.0017592353,-0.0009888445,-0.00038840348,-0.00011509954,-5.9652746e-05,-1.3545003e-05,-1.2646768e-05,-2.5790905e-05,-6.5595974e-05,-6.0120103e-05,-7.789568e-05,-8.5924155e-05,-0.000112882044,-0.00026556657,-0.00043820788,0.00027336567,0.00049368554,0.00038421786,0.00019328264,3.5881625e-05,-0.00020988667,-0.0004488369,-0.0007285128,-0.0009341169,-0.0011070118,-0.0012121918,-0.0013026014,-0.0013318962,-0.0012451389,-0.0012741694,-0.0010840129,-0.0005239715,-0.00036690957
1992-07-21 14:00:00,-0.00014676354,-0.0021131984,-0.0032203041,-0.0020354418,-0.0016448307,-0.0010310009,-0.00036465912,-0.00011547592,-5.5309443e-05,-8.76116e-06,-6.102955e-06,-2.9645831e-05,-6.904705e-05,-7.1604314e-05,-6.3660875e-05,-5.9438724e-05,-7.657318e-05,-0.00013493611,-0.00028877336,0.00038400412,0.00072978775,0.00046701526,0.0002514094,9.02917e-05,-0.000102488986,-0.0003145755,-0.00061178114,-0.0008311847,-0.001026939,-0.0011675755,-0.001273487,-0.0012805598,-0.0011400175,-0.0011443356,-0.0010139536,-0.0005059727,-0.00038536527
1992-07-21 15:00:00,0.00079826044,-0.0009661565,-0.0034377817,-0.0020648662,-0.0015424981,-0.0010230724,-0.00030627265,-0.00010937643,-4.469339e-05,1.0966092e-05,4.639057e-06,-4.1250496e-05,-6.864597e-05,-8.575338e-05,-5.3239728e-05,-9.232084e-06,-2.1869491e-05,3.063018e-06,-7.1216644e-05,0.0004949417,0.0009056535,0.00053273473,0.00028979336,0.000120019366,-1.6952787e-05,-0.0001850704,-0.0004796516,-0.0006925906,-0.00089886074,-0.0010553617,-0.0011679376,-0.0011609398,-0.00098132,-0.0009383592,-0.00085277867,-0.0003769756,-0.00027964864
1992-07-21 16:00:00,0.0012794358,-0.00030479653,-0.003161228,-0.002199826,-0.0015093079,-0.0009660113,-0.0002385801,-9.621431e-05,-5.1290972e-05,1.7697079e-05,1.5883954e-05,-4.151386e-05,-6.249977e-05,-9.6527336e-05,-6.129548e-05,7.139686e-06,-1.315074e-05,-9.054798e-06,3.0053307e-05,0.00052069273,0.00093094615,0.0005845454,0.00028615427,0.00013909563,4.867332e-05,-8.882402e-05,-0.00036100685,-0.00056689465,-0.000779433,-0.0009459516,-0.0010565465,-0.001041443,-0.0008730504,-0.00084375904,-0.00073000113,-0.00030019064,-0.0002555741
1992-07-21 17:00:00,0.0012009976,-0.0005140352,-0.0028196406,-0.002430146,-0.001578803,-0.0008546306,-0.00020007382,-0.0001014299,-4.463226e-05,7.062255e-06,1.7713977e-05,-3.5546815e-05,-4.836594e-05,-8.489415e-05,-5.80274e-05,2.8616087e-05,2.6422073e-05,5.364498e-05,0.00021753288,0.0005444947,0.00083238725,0.00058459764,0.00026729348,0.00016594764,0.00011076467,-5.1261613e-06,-0.00023514507,-0.00042169838,-0.0006285313,-0.0008011817,-0.0009172409,-0.0009121831,-0.0007616626,-0.00075631804,-0.0006587276,-0.00027030235,-0.0002458536
1992-07-21 18:00:00,0.00028887115,-0.0009903183,-0.0025576246,-0.0024354854,-0.001614686,-0.0007920356,-0.00020010279,-0.0001084207,-3.5012818e-05,-1.4605854e-05,6.722028e-06,-2.7714008e-05,-1.9421113e-05,-5.6399535e-05,-4.854797e-05,3.5433746e-05,6.34113e-05,8.761342e-05,0.00039345206,0.00051709544,0.0006595684,0.000534358,0.00026425475,0.00015917019,0.00013529556,5.632649e-05,-0.0001294616,-0.00028532703,-0.0004764809,-0.00066212047,-0.0007854091,-0.00078928925,-0.0006544532,-0.00066217914,-0.0005381369,-0.00018465445,-0.0002019057
1992-07-21 19:00:00,-0.00020835812,-0.0013608076,-0.0023075996,-0.002313023,-0.0016285528,-0.00083919923,-0.00019204491,-8.839344e-05,-3.8975857e-05,-4.2436695e-05,-5.879501e-06,-2.2968297e-05,2.6026164e-06,-2.652915e-05,-4.8688304e-05,2.1228792e-05,8.4018146e-05,9.216454e-05,0.0005121315,0.00047287327,0.0004699674,0.0004245173,0.00025887246,0.00013366615,0.00012251924,8.3625884e-05,-4.2149208e-05,-0.00016575641,-0.00033965116,-0.0005341505,-0.00067084463,-0.0006859429,-0.0005907143,-0.0006273113,-0.0005113665,-0.00017711302,-0.00019569686
1992-07-21 20:00:00,-0.000599951,-0.0015471969,-0.0020527015,-0.0021290558,-0.0015756867,-0.00086226524,-0.00018553706,-8.20618e-05,-4.5426204e-05,-6.92097e-05,-1.216327e-05,-2.0965106e-05,1.2822773e-05,-1.5056848e-06,-5.1822768e-05,-1.1808399e-05,6.0912018e-05,6.0395214e-05,0.0005639665,0.00041237165,0.00032906703,0.0003119885,0.00024558938,0.00012241794,0.00011378175,0.00011097861,3.6964695e-05,-6.38936e-05,-0.0002270134,-0.00042507626,-0.0005666912,-0.000588069,-0.00055471377,-0.0006232611,-0.00051750534,-0.00019078053,-0.0002047847
1992-07-21 21:00:00,-0.0010371038,-0.0016340221,-0.0017036725,-0.0018517823,-0.001485846,-0.0008207294,-0.0001999147,-0.00010625161,-4.8585003e-05,-7.6381315e-05,-1.6922184e-05,-1.9324845e-05,9.588125e-06,1.5569765e-05,-4.2556865e-05,-2.3479006e-05,4.4011496e-05,6.404849e-05,0.0005922356,0.00032797706,0.00019911444,0.00019510863,0.00019319085,0.00012290014,0.00011027609,0.00011359904,8.929129e-05,2.1699921e-05,-0.000113488844,-0.000290302,-0.00042592396,-0.0004525414,-0.0004784119,-0.0005766461,-0.0004907611,-0.00015263329,-0.0001435614
1992-07-21 22:00:00,-0.0018247395,-0.0019351065,-0.0016040963,-0.001536218,-0.0015008848,-0.000840335,-0.00023585474,-0.00016377706,-4.8292994e-05,-6.6126086e-05,-2.1949423e-05,-2.3909612e-05,3.7113132e-06,1.0323791e-05,-5.6247765e-05,-9.317262e-05,-4.5917e-05,-4.9252383e-05,0.00023268719,0.00010101839,4.8697493e-05,2.7144208e-05,1.9808835e-05,-1.2755174e-05,-3.2959542e-05,-4.016092e-05,-2.7242519e-05,-6.335134e-05,-0.00015733833,-0.0002996028,-0.0004122523,-0.00043220303,-0.00050381914,-0.0006116962,-0.0004916214,-8.992468e-05,-8.941023e-05
1992-07-21 23:00:00,-0.0013983396,-0.0017560169,-0.0016959265,-0.0014581723,-0.0013473545,-0.00090165646,-0.00027053856,-0.00018878095,-5.178411e-05,-6.2889754e-05,-1.9530256e-05,-3.4793255e-05,-6.663984e-06,7.3523643e-06,-4.052789e-05,-7.9275174e-05,-6.708513e-05,2.4255714e-06,0.000160672,6.819362e-05,4.3361142e-05,1.8779612e-05,1.5361718e-05,5.4776992e-06,-2.10233e-05,-3.5716635e-05,2.0440062e-05,1.0349448e-05,-6.0800267e-05,-0.00018060175,-0.00029354385,-0.00033032912,-0.0004297651,-0.0005726485,-0.0004874815,-0.00011473476,-0.00010285557
1992-07-22,-0.0009710965,-0.001703531,-0.0018390147,-0.0015045794,-0.0013046169,-0.0009608178,-0.00028231987,-0.00021493867,-5.7079415e-05,-5.2001145e-05,-1.545317e-06,-3.066502e-05,-7.2945804e-06,2.0359204e-05,-1.4128022e-05,-6.53704e-05,-9.7114855e-05,1.355142e-05,4.6133857e-05,6.388181e-05,4.1976506e-05,3.182306e-05,2.2693854e-05,-9.554623e-06,-5.4216027e-05,-7.344829e-05,-3.5067296e-06,1.8939305e-05,-1.3766976e-05,-0.00010636739,-0.0002242236,-0.00028276656,-0.00038821145,-0.0005272209,-0.0004261464,-9.131835e-05,-9.035188e-05
1992-07-22 01:00:00,-0.00057440804,-0.0013995497,-0.0018302705,-0.0014185656,-0.0013445825,-0.00108945,-0.00031167362,-0.00022565559,-5.9951784e-05,-4.470875e-05,2.9950115e-06,-3.3598462e-05,-1.0918817e-05,2.0991476e-05,7.266135e-06,-4.7046324e-05,-0.000101628626,5.9297476e-05,9.497466e-05,8.18526e-05,3.2908072e-05,5.023703e-05,4.518251e-05,-1.3546836e-05,-7.5259595e-05,-0.000102195714,-4.548068e-05,-2.3797893e-06,1.5368119e-06,-4.4063396e-05,-0.00013832032,-0.00021268833,-0.00034594798,-0.00051273266,-0.0004135705,-9.76426e-05,-8.425218e-05
1992-07-22 02:00:00,-0.00030866388,-0.0014753155,-0.00178145,-0.0013393901,-0.0012822378,-0.0010915345,-0.0003489169,-0.00023228247,-7.875677e-05,-4.395134e-05,-2.9506764e-06,-3.1110234e-05,-5.2419255e-06,2.6847252e-05,1.9256993e-05,-2.9171664e-05,-8.794099e-05,0.000182862,0.0001712735,8.804365e-05,1.6597915e-05,5.103049e-05,4.1712396e-05,-2.0365009e-05,-8.093114e-05,-0.000115085415,-8.174988e-05,-3.952653e-05,-9.010938e-06,-1.0057069e-05,-7.3170246e-05,-0.00015056883,-0.00028860915,-0.0004634571,-0.0003329853,-4.675881e-05,-5.1180923e-05
1992-07-22 03:00:00,-0.00013455533,-0.0019283616,-0.0018238658,-0.0012586957,-0.0012303519,-0.0010678357,-0.00034913392,-0.00020258999,-9.806747e-05,-5.118092e-05,-3.604381e-06,-3.0365827e-05,-5.6658064e-06,2.5685982e-05,1.5609003e-05,-2.4958146e-05,-8.4502426e-05,0.00025751838,0.00021551219,7.964858e-05,1.8856248e-05,5.234454e-05,3.429949e-05,-1.4370709e-05,-6.5072585e-05,-0.00010598634,-7.994284e-05,-4.1985437e-05,-7.001533e-06,2.3123046e-05,-7.0587303e-06,-8.409927e-05,-0.0002233488,-0.00040786527,-0.0003215104,-5.5812743e-05,-5.6227957e-05
1992-07-22 04:00:00,-0.0005273051,-0.0024544336,-0.0022257152,-0.0012332494,-0.0013794673,-0.0010500227,-0.00031142883,-0.0001840966,-9.659068e-05,-4.7257785e-05,-3.5498203e-06,-1.9501651e-05,-8.6150976e-08,2.4215842e-05,6.0375205e-06,-2.5966161e-05,-7.554997e-05,0.00028492603,0.0002799781,5.1842784e-05,3.028763e-07,4.274316e-05,2.4004486e-05,-1.7100274e-06,-3.7682345e-05,-8.908016e-05,-8.953197e-05,-5.050421e-05,-1.3893723e-05,2.79272e-05,3.293471e-05,-3.229818e-05,-0.0001680202,-0.00035026306,-0.00029527376,-4.179536e-05,-5.4662916e-05
1992-07-22 05:00:00,-0.0005553664,-0.0027000285,-0.0026857187,-0.0013718251,-0.0014891691,-0.0011492702,-0.00028148468,-0.00016433031,-6.882634e-05,-4.5538138e-05,-5.8465266e-06,-3.849327e-06,2.2213317e-06,3.808194e-05,-7.3924475e-06,-2.8630098e-05,-5.258434e-05,0.00035663106,0.00041541373,5.9826576e-05,-8.489849e-06,3.566885e-05,2.255001e-05,8.24046e-06,-2.1727212e-05,-7.591705e-05,-0.00010009063,-7.738585e-05,-4.4678178e-05,3.1156223e-06,2.9383173e-05,-2.4299585e-05,-0.00015167968,-0.00030051908,-0.00024679984,-1.7356688e-05,-4.7203626e-05
1992-07-22 06:00:00,-0.0006075673,-0.0024377974,-0.0029955255,-0.001606522,-0.0015198854,-0.0013335926,-0.00031783598,-0.00016379224,-4.679335e-05,-3.8452516e-05,-7.403439e-06,5.110719e-06,6.187576e-06,5.4502747e-05,-1.4539693e-05,-2.7846074e-05,-3.491008e-05,0.000441494,0.00058087596,0.00010414729,-1.2836121e-05,1.6212889e-05,2.9674888e-05,2.3990804e-05,-7.033259e-06,-6.909705e-05,-0.000110676134,-0.00011009028,-8.976945e-05,-2.7941744e-05,1.7561219e-05,-4.788533e-05,-0.00019182048,-0.00035320915,-0.0003339232,-8.37828e-05,-9.034149e-05
1992-07-22 07:00:00,-0.0008993349,-0.0022952114,-0.0032344633,-0.0019069893,-0.0016182092,-0.0015269308,-0.0003415668,-0.0001696898,-5.8735215e-05,-4.1492174e-05,-1.5188265e-05,3.6177667e-06,7.21331e-06,8.4867854e-05,7.495877e-06,-5.002401e-06,8.732757e-06,0.000636807,0.0007493386,0.00014352505,4.223104e-06,1.1018628e-05,4.0161234e-05,3.894973e-05,8.2584975e-06,-5.392033e-05,-0.00010918737,-0.00012995252,-0.00013139089,-7.212686e-05,-2.6864076e-05,-9.979068e-05,-0.00024789188,-0.00040296486,-0.00034379266,-6.581849e-05,-7.976681e-05
1992-07-22 08:00:00,-0.0006208164,-0.0022106885,-0.003522435,-0.0021009524,-0.0017789104,-0.001633506,-0.00036904833,-0.00016668206,-7.476323e-05,-4.2877247e-05,-1.6446755e-05,1.2805899e-06,1.5868372e-06,9.048518e-05,3.898579e-05,1.3098197e-05,4.7659138e-05,0.0008968089,0.00084908615,0.00020750905,3.8936112e-05,2.5227971e-05,5.140042e-05,4.5253262e-05,1.3846111e-05,-4.812837e-05,-0.00012127437,-0.00016018,-0.00017887382,-0.0001305388,-8.386001e-05,-0.00014038126,-0.00030377216,-0.0005049067,-0.00043955407,-9.6198586e-05,-0.00010044589
1992-07-22 09:00:00,0.00032663858,-0.0016211944,-0.0038456428,-0.0022049327,-0.0019099975,-0.0016528028,-0.00043831818,-0.00022793435,-8.467585e-05,-4.3911197e-05,-2.5761328e-05,-2.571203e-06,-2.6722046e-06,8.005632e-05,5.0792707e-05,5.2468167e-06,6.53344e-05,0.0011476221,0.00095114333,0.00032808277,8.4063315e-05,5.220374e-05,6.3164116e-05,4.002964e-05,1.0555075e-05,-5.2035797e-05,-0.00014078255,-0.00020104146,-0.00024080767,-0.00019979989,-0.00014457002,-0.00018765309,-0.0003771914,-0.0006659075,-0.0006213474,-0.00017807023,-0.00016512568
1992-07-22 10:00:00,0.0013317268,-0.00090932497,-0.0044276537,-0.002724868,-0.0022680424,-0.0017733641,-0.0004598383,-0.0002497395,-8.90777e-05,-5.5744236e-05,-2.8379895e-05,2.0389389e-06,1.0595644e-05,7.851773e-05,2.851792e-05,-6.633603e-05,0.00016332223,0.0013664092,0.0009934887,0.00032461132,-3.4428213e-05,-2.9660072e-05,-1.2642866e-05,-3.9897248e-05,-4.0335675e-05,-8.408173e-05,-0.00015188385,-0.00020229368,-0.00024895574,-0.00025162112,-0.00020055124,-0.0001841457,-0.0003147864,-0.000607099,-0.00059086265,-0.00021347188,-0.00019957796
1992-07-22 11:00:00,0.002124517,0.0001260564,-0.004121037,-0.0026292964,-0.0021604167,-0.0016128754,-0.00050417765,-0.00030017056,-0.00012574998,-4.398083e-05,-3.18556e-05,-1.5028916e-06,2.4546931e-05,8.651259e-05,7.8813886e-05,-4.1922154e-05,0.0001559004,0.0015343867,0.0010764943,0.0004689552,4.1317886e-05,1.6720496e-05,1.3857018e-05,-3.1863743e-05,-4.9160608e-05,-9.993755e-05,-0.00019256276,-0.00024878152,-0.00029751836,-0.0003089243,-0.00026929151,-0.0002617553,-0.00040499322,-0.00073446165,-0.0006581619,-0.00019222795,-0.00019484868
1992-07-22 12:00:00,0.0033687958,0.0011191473,-0.0033748648,-0.002383515,-0.0019756677,-0.0015354609,-0.00054591626,-0.0003501174,-0.00015774425,-4.874684e-05,-5.3936714e-05,-1.3172088e-05,3.1324576e-05,9.896569e-05,0.00013534572,-6.0257276e-05,0.00010363506,0.0016472078,0.0011332582,0.0005507061,0.00014050753,6.457228e-05,1.5329755e-05,-3.543636e-05,-7.078091e-05,-0.0001318357,-0.00022166528,-0.00027982995,-0.00032801554,-0.00033388697,-0.00031165566,-0.00032484715,-0.0005013757,-0.0009057477,-0.0008137299,-0.00027868868,-0.00027119258
1992-07-22 13:00:00,0.0057200314,0.0021542716,-0.0025493507,-0.0023448316,-0.001970071,-0.0015023486,-0.000704719,-0.00042816257,-0.00016584952,-4.9795657e-05,-6.545681e-05,-2.236621e-05,2.9948676e-05,9.603417e-05,0.00015598851,-4.9120903e-05,5.39412e-05,0.0016822276,0.0011940396,0.0005898798,0.00023725971,0.00010561004,3.4664474e-05,-8.651274e-06,-5.6539844e-05,-0.00012429075,-0.00020630925,-0.00026994714,-0.00032957018,-0.0003457389,-0.00034364904,-0.00037986794,-0.0005762066,-0.0010141528,-0.0008535752,-0.00028137525,-0.00028963207
1992-07-22 14:00:00,0.0069732014,0.0026221625,-0.0017531961,-0.0023459,-0.0019584124,-0.0013668489,-0.0008892451,-0.0005037316,-0.0002048839,-6.219051e-05,-6.6219174e-05,-3.113363e-05,1.666188e-05,8.556356e-05,0.0002021226,-2.0159066e-05,6.6133944e-06,0.0016712557,0.0012822456,0.0006523935,0.0003531218,0.00012993166,3.8307353e-05,1.8644805e-05,-3.0189412e-05,-9.8209144e-05,-0.00017711995,-0.00023896582,-0.00030652914,-0.00033355117,-0.0003468836,-0.00040559127,-0.0006101217,-0.0010605714,-0.0008999639,-0.00031856282,-0.00031816796
1992-07-22 15:00:00,0.0073309056,0.0036106284,-0.0013752924,-0.0026610938,-0.0021291268,-0.001328655,-0.0011042601,-0.0005834967,-0.00022521421,-6.7409346e-05,-5.6514404e-05,-2.5055733e-05,4.1309345e-06,6.0469083e-05,0.00020075802,1.796976e-05,1.5495454e-05,0.0016643943,0.0013569422,0.00066513696,0.00041895075,0.00014429115,3.857218e-05,2.883241e-05,-8.73142e-06,-7.867076e-05,-0.00015957099,-0.00021997045,-0.00029894302,-0.00034878842,-0.00037948944,-0.00043812045,-0.0006170382,-0.0010508084,-0.00088139175,-0.00029200644,-0.00030089042
1992-07-22 16:00:00,0.007680495,0.004968195,-0.0008764728,-0.0031503723,-0.0025690529,-0.0014947085,-0.0013225644,-0.0007124947,-0.0002604491,-7.029014e-05,-5.1074763e-05,-2.7750268e-05,-8.233476e-06,4.7935308e-05,0.0002150621,9.329135e-05,3.5817284e-05,0.001564394,0.0014514452,0.0007293901,0.00046408462,0.0001361699,2.054941e-05,2.3258464e-05,4.2759875e-06,-5.962689e-05,-0.00015054583,-0.00021483083,-0.00029747805,-0.0003559925,-0.0003951633,-0.000452581,-0.0006125406,-0.0010405142,-0.0008861442,-0.0003058736,-0.00031272758
1992-07-22 17:00:00,0.008610779,0.0065026935,-7.187642e-06,-0.003994261,-0.003232747,-0.0018297595,-0.0015650352,-0.0008093744,-0.00023509176,-5.9482307e-05,-4.552697e-05,-2.8826264e-05,-1.3264431e-05,3.2904918e-05,0.00019347276,0.00012509397,0.00011144141,0.001546701,0.0014607888,0.0007688101,0.0004603235,0.00015054145,5.8521146e-05,3.9632163e-05,1.0275682e-05,-4.805274e-05,-0.0001391122,-0.00020899039,-0.00029864203,-0.00036972668,-0.00042555976,-0.00047372474,-0.00061022135,-0.0010485046,-0.00093020475,-0.00032634195,-0.00032000302
1992-07-22 18:00:00,0.009365428,0.007988567,0.00065277435,-0.005052315,-0.004239383,-0.0022659716,-0.0016555416,-0.0008222558,-0.00023826127,-6.899591e-05,-4.8537997e-05,-3.44367e-05,-1.6402606e-05,3.6862497e-05,0.00021991332,0.0001798998,0.00018733818,0.0014810378,0.001451913,0.00081940467,0.00046371054,0.00017097876,8.0641796e-05,5.2035808e-05,1.2628694e-05,-4.888125e-05,-0.00013257562,-0.00019798879,-0.0002872344,-0.00036662514,-0.00043107662,-0.0004800009,-0.0006072916,-0.0010249065,-0.00088917086,-0.0003113111,-0.00031337424
1992-07-22 19:00:00,0.00899669,0.0079973675,0.0009042879,-0.005485705,-0.0051198667,-0.0026267753,-0.0015895871,-0.00080389576,-0.00024422928,-8.542293e-05,-6.051326e-05,-3.8125774e-05,-2.4926458e-05,3.395308e-05,0.00022545406,0.00019690822,0.00025448963,0.0014287061,0.0014125162,0.0008238711,0.000457126,0.00020981261,0.0001046585,6.210664e-05,1.629003e-05,-5.32993e-05,-0.00013400639,-0.00019234908,-0.00027715502,-0.00035163612,-0.0004217614,-0.00048744594,-0.0006242734,-0.0010488194,-0.0009149719,-0.00034029596,-0.0003339747
1992-07-22 20:00:00,0.006031556,0.0061204173,0.00052360626,-0.00530181,-0.005553287,-0.0029256009,-0.0014751415,-0.0008401612,-0.00023916349,-0.000102900936,-7.237342e-05,-3.822012e-05,-2.0854457e-05,3.943296e-05,0.00023704086,0.00023308488,0.0003317171,0.0013449175,0.0013831883,0.00082571065,0.00044814651,0.0002427863,0.00011403199,6.389334e-05,2.2874607e-05,-5.222624e-05,-0.00013353021,-0.00018327447,-0.00025563512,-0.00032409982,-0.00040739193,-0.000496488,-0.0006490976,-0.0010651175,-0.00091426936,-0.00034005952,-0.00033102455
1992-07-22 21:00:00,0.0032065415,0.003592441,-0.00031908325,-0.0050739916,-0.005718954,-0.0032856949,-0.0014232962,-0.00093076885,-0.00026130752,-0.00011614943,-7.654399e-05,-3.707925e-05,-1.6774848e-05,5.2127296e-05,0.00024797206,0.000293007,0.0004194752,0.0012309643,0.0013391635,0.0007813013,0.0003996588,0.00025637043,0.00010132794,5.681738e-05,3.2466618e-05,-3.973176e-05,-0.00012206641,-0.00016288672,-0.00021459459,-0.00028068342,-0.0003817011,-0.0004978578,-0.0006637303,-0.0010586525,-0.00090445066,-0.000354355,-0.00033331857
1992-07-22 22:00:00,0.00241841,0.0023700453,-0.001043743,-0.0043194937,-0.005009681,-0.003251932,-0.0012613247,-0.0008873473,-0.00029678977,-0.00013643794,-6.3618405e-05,-2.0624815e-05,1.0242784e-05,7.6024684e-05,0.00022375578,0.0001386617,0.00020449619,0.0010278408,0.0012801456,0.00073828764,0.0004469147,0.000252877,6.288276e-05,2.3903449e-05,8.0305654e-07,-5.8075246e-05,-0.00015638789,-0.00020144143,-0.00024817995,-0.00034739784,-0.0005049444,-0.0006866703,-0.00086579315,-0.0012658352,-0.0010996953,-0.0005074391,-0.00047061325
1992-07-22 23:00:00,0.00064065924,0.00013733633,-0.0015133964,-0.003463176,-0.004540296,-0.0033490616,-0.0012936199,-0.00080608064,-0.0002805696,-0.00015765792,-6.199042e-05,-1.4555744e-05,1.9806737e-05,8.999979e-05,0.00021227845,5.7567937e-05,0.0001577455,0.0008146351,0.001055513,0.00056155573,0.00036443945,0.00024836248,7.89917e-05,2.47558e-05,-3.640398e-07,-5.8275727e-05,-0.0001463322,-0.00019938289,-0.00025931088,-0.00035984954,-0.0005170729,-0.0007192387,-0.00091657543,-0.001314499,-0.0011052768,-0.00048818695,-0.0004466359
1992-07-23,0.00017286305,-0.0013849114,-0.0022367379,-0.00281625,-0.0041450807,-0.0034508528,-0.0012584067,-0.0006981357,-0.00026075746,-0.0001636288,-6.0750135e-05,-2.0247808e-05,2.5147614e-05,0.00010052277,0.00024268901,5.923456e-05,0.00016292457,0.00074061716,0.0009289988,0.0005505093,0.00033208088,0.00026030152,0.00011858493,4.3925615e-05,1.7934914e-05,-5.293902e-05,-0.00012934943,-0.00018088584,-0.00024814106,-0.0003381098,-0.00049520005,-0.00070128636,-0.00090657943,-0.0013220978,-0.0011188802,-0.0005078362,-0.00046318065
1992-07-23 01:00:00,0.00019213518,-0.0017594143,-0.0025560919,-0.0022028945,-0.0037105405,-0.0033629946,-0.0011891697,-0.0006085173,-0.0002486083,-0.00016000654,-6.3781175e-05,-2.7535683e-05,3.1578955e-05,0.00010479821,0.00025010208,1.1103533e-05,8.6394495e-05,0.000703895,0.00080482545,0.00046998996,0.00025362696,0.00016826006,7.983492e-05,4.034942e-05,2.9843035e-05,-4.8832968e-05,-0.000111670655,-0.00016729684,-0.00024774933,-0.00032381451,-0.0004598659,-0.00067281147,-0.0008963484,-0.001321963,-0.0011207283,-0.00051604444,-0.00046997922
1992-07-23 02:00:00,0.00014845739,-0.0013212647,-0.0022224544,-0.0017154426,-0.0030991905,-0.0031993738,-0.0012287593,-0.0005854172,-0.00024213704,-0.00015898186,-7.485741e-05,-2.9858144e-05,4.074643e-05,0.000107886226,0.00019052418,-0.00011433468,-1.2804361e-05,0.0006405584,0.00058691506,0.000366206,0.00016710446,6.929037e-05,4.4276658e-05,3.5644367e-05,2.3228502e-05,-5.002764e-05,-0.00010460598,-0.00016674493,-0.0002507023,-0.0003087869,-0.0004111469,-0.00063297973,-0.00088281673,-0.0012997175,-0.0010779186,-0.00049318117,-0.00045064275
1992-07-23 03:00:00,0.00014855346,-0.0010469677,-0.0018199738,-0.0014511319,-0.0026183208,-0.0031410083,-0.0012675911,-0.0005573003,-0.00024228235,-0.00015501154,-8.4384665e-05,-2.6771495e-05,4.4264656e-05,0.000109796296,0.00014527392,-0.00022383816,-0.00010858843,0.00053893635,0.0003425586,0.00026475624,9.824704e-05,7.432929e-06,4.214987e-05,3.6323392e-05,1.0573798e-05,-4.647419e-05,-0.000111225745,-0.00017126156,-0.00024762328,-0.00029317135,-0.0003728065,-0.00060143793,-0.000862709,-0.0012485718,-0.0010260988,-0.0004602924,-0.00041902732
1992-07-23 04:00:00,-6.084573e-05,-0.0010560615,-0.0018490822,-0.0015231133,-0.0023563434,-0.0033127135,-0.001339609,-0.00055263354,-0.00025969895,-0.00016327074,-0.00010131084,-3.1173666e-05,4.199944e-05,8.648813e-05,0.00013430178,-0.00031359657,-5.989641e-05,0.00061824935,0.00031030708,0.00025028986,0.00012181798,4.2998643e-05,5.5777004e-05,3.2607077e-05,6.832559e-06,-3.0368621e-05,-0.00010253545,-0.00015308558,-0.00021423657,-0.0002464559,-0.00031131506,-0.0005254077,-0.0007820033,-0.0011245548,-0.000950562,-0.00047500577,-0.00043123518
1992-07-23 05:00:00,-0.00058955274,-0.0013995304,-0.00195966,-0.00090755103,-0.0011795713,-0.00235966,-0.0012156689,-0.00047133846,-0.00029377337,-0.00017839595,-0.00011071783,-3.4006353e-05,3.9112296e-05,7.093961e-05,6.953075e-05,-0.00044676775,-0.00010179608,0.00046942174,7.132243e-05,6.2609965e-05,6.62954e-05,4.622197e-05,3.313603e-05,-3.77393e-07,-1.65413e-05,-3.7120342e-05,-9.1071226e-05,-0.00012768546,-0.000185191,-0.00021162501,-0.0002760017,-0.00048322577,-0.0006971009,-0.00096221425,-0.0008224561,-0.000405358,-0.00036030583
1992-07-23 06:00:00,-0.0019060613,-0.002254549,-0.0027452311,-0.00088374177,-0.0006234143,-0.001620438,-0.0010577334,-0.00040934124,-0.00030715318,-0.00017139115,-0.00015291988,-6.287724e-05,3.1780284e-05,5.0381244e-05,-4.9838447e-05,-0.0005075469,-0.000112749665,9.176438e-07,-0.00039157772,-0.00041342893,-0.00019840732,-6.3434054e-05,-5.3833017e-05,-8.148515e-05,-9.028853e-05,-7.620184e-05,-9.445785e-05,-0.00011898093,-0.00017446397,-0.00019055876,-0.0002561438,-0.00046324445,-0.00066179177,-0.0008566555,-0.0007451957,-0.00038762044,-0.00032839432
1992-07-23 07:00:00,-0.0029023895,-0.0029077097,-0.0031979852,-0.0010966058,-0.00075798546,-0.0016336691,-0.0010046884,-0.00038132802,-0.00029108842,-0.00015986493,-0.00020499833,-9.022791e-05,1.8732046e-05,7.693308e-05,-1.8910476e-05,-0.00028716133,-0.00015286726,-0.0007587417,-0.0012955195,-0.0013644291,-0.00082998513,-0.00030343296,-0.00018545642,-0.0001927556,-0.0001831695,-0.00013164493,-0.00012084253,-0.00014700812,-0.00018047518,-0.0001812295,-0.00028097187,-0.00047658777,-0.0006554888,-0.0007521864,-0.0006287212,-0.0003188768,-0.0002484826
1992-07-23 08:00:00,-0.00401892,-0.0040483116,-0.0035941524,-0.0015670997,-0.0014726766,-0.0023571914,-0.0013413029,-0.0004782032,-0.00022830522,-0.00016165261,-0.00025906228,-0.00012599226,4.0168525e-06,8.621564e-05,-8.519941e-05,-7.285341e-05,-0.0003673925,-0.001661459,-0.0022845706,-0.002041364,-0.001172817,-0.00042859395,-0.00027055334,-0.0003007606,-0.00025550535,-0.00015620078,-0.00016148158,-0.00018319108,-0.00019891141,-0.00019481494,-0.00029198304,-0.00048664561,-0.0006465883,-0.000661841,-0.0005205941,-0.000244707,-0.00017460836
1992-07-23 09:00:00,-0.006383063,-0.006681337,-0.0050461376,-0.002911281,-0.0032160478,-0.0039514224,-0.0019866952,-0.0007284466,-0.00017046435,-0.00015445733,-0.0003133674,-0.00018725405,-3.534631e-06,3.2170872e-05,-7.3551775e-05,-0.00015124993,-0.0011436724,-0.0027390542,-0.0027376898,-0.0019658771,-0.0010543824,-0.000370662,-0.0003238177,-0.00044212368,-0.00035562387,-0.00017731442,-0.0001665838,-0.0001954369,-0.00022868908,-0.00022973542,-0.00030031172,-0.0004684203,-0.0005835143,-0.00054433,-0.00041104603,-0.00017948824,-0.00011893178
1992-07-23 10:00:00,-0.0071270377,-0.008702874,-0.007245206,-0.0033009627,-0.0038644436,-0.004119545,-0.0016988158,-0.00044423793,-0.00015184756,-0.00012941677,-0.0002922996,-9.022888e-05,-1.0554748e-05,6.169588e-05,0.0006589903,8.0018595e-05,-0.002524923,-0.0043233074,-0.0036625052,-0.0022770956,-0.0011792694,-0.0005131405,-0.0005952226,-0.00079595216,-0.00052595395,-0.000133631,-7.560228e-05,-0.00018690377,-0.00036614825,-0.0004916806,-0.00065061543,-0.00086086977,-0.00092930323,-0.0008095732,-0.00049653294,-0.00012693116,-0.0001105361
